ticker,timestamp,normalized_time,yes_bid,yes_ask,last_trade,volume,spread,price,Y,event_ticker
KXHIGHNY-26OCT04-B63.5,2026-10-03 15:00:00+00:00,0.02564102564102564,0.39,0.4,0.41,235.82,0.010000000000000009,0.395,0,KXHIGHNY-26OCT04
KXHIGHNY-26OCT04-B63.5,2026-10-03 16:00:00+00:00,0.05128205128205128,0.42,0.44,0.45,299.96,0.020000000000000018,0.43,0,KXHIGHNY-26OCT04
KXHIGHNY-26OCT04-B63.5,2026-10-03 17:00:00+00:00,0.07692307692307693,0.45,0.47,0.45,55.58,0.019999999999999962,0.45999999999999996,0,KXHIGHNY-26OCT04
KXHIGHNY-26OCT04-B63.5,2026-10-03 18:00:00+00:00,0.10256410256410256,0.42,0.45,0.42,106.0,0.030000000000000027,0.435,0,KXHIGHNY-26OCT04
KXHIGHNY-26OCT04-B63.5,2026-10-03 19:00:00+00:00,0.1282051282051282,0.44,0.46,0.46,144.71,0.020000000000000018,0.45,0,KXHIGHNY-26OCT04
KXHIGHNY-26OCT04-B63.5,2026-10-03 20:00:00+00:00,0.15384615384615385,0.45,0.46,0.46,234.5,0.010000000000000009,0.455,0,KXHIGHNY-26OCT04
KXHIGHNY-26OCT04-B63.5,2026-10-03 21:00:00+00:00,0.1794871794871795,0.5,0.52,0.52,424.88,0.020000000000000018,0.51,0,KXHIGHNY-26OCT04
KXHIGHNY-26OCT04-B63.5,2026-10-03 22:00:00+00:00,0.20512820512820512,0.5,0.53,0.53,363.33,0.030000000000000027,0.515,0,KXHIGHNY-26OCT04
KXHIGHNY-26OCT04-B63.5,2026-10-03 23:00:00+00:00,0.23076923076923078,0.51,0.54,0.53,29.23,0.030000000000000027,0.525,0,KXHIGHNY-26OCT04
KXHIGHNY-26OCT04-B63.5,2026-10-04 00:00:00+00:00,0.2564102564102564,0.48,0.5,0.49,358.34,0.020000000000000018,0.49,0,KXHIGHNY-26OCT04
KXHIGHNY-26OCT04-B63.5,2026-10-04 01:00:00+00:00,0.28205128205128205,0.5,0.51,0.51,245.72,0.010000000000000009,0.505,0,KXHIGHNY-26OCT04
KXHIGHNY-26OCT04-B63.5,2026-10-04 02:00:00+00:00,0.3076923076923077,0.54,0.55,0.55,770.55,0.010000000000000009,0.545,0,KXHIGHNY-26OCT04
KXHIGHNY-26OCT04-B63.5,2026-10-04 03:00:00+00:00,0.3333333333333333,0.53,0.54,0.54,105.54,0.010000000000000009,0.535,0,KXHIGHNY-26OCT04
KXHIGHNY-26OCT04-B63.5,2026-10-04 04:00:00+00:00,0.358974358974359,0.47,0.5,0.51,1663.68,0.030000000000000027,0.485,0,KXHIGHNY-26OCT04
KXHIGHNY-26OCT04-B63.5,2026-10-04 05:00:00+00:00,0.38461538461538464,0.45,0.47,0.47,378.96,0.019999999999999962,0.45999999999999996,0,KXHIGHNY-26OCT04
KXHIGHNY-26OCT04-B63.5,2026-10-04 06:00:00+00:00,0.41025641025641024,0.48,0.51,0.48,613.0,0.030000000000000027,0.495,0,KXHIGHNY-26OCT04
KXHIGHNY-26OCT04-B63.5,2026-10-04 07:00:00+00:00,0.4358974358974359,0.47,0.49,0.48,379.71,0.020000000000000018,0.48,0,KXHIGHNY-26OCT04
KXHIGHNY-26OCT04-B63.5,2026-10-04 08:00:00+00:00,0.46153846153846156,0.47,0.49,0.48,634.06,0.020000000000000018,0.48,0,KXHIGHNY-26OCT04
KXHIGHNY-26OCT04-B63.5,2026-10-04 09:00:00+00:00,0.48717948717948717,0.52,0.53,0.51,180.63,0.010000000000000009,0.525,0,KXHIGHNY-26OCT04
KXHIGHNY-26OCT04-B63.5,2026-10-04 10:00:00+00:00,0.5128205128205128,0.4,0.42,0.42,543.08,0.019999999999999962,0.41000000000000003,0,KXHIGHNY-26OCT04
KXHIGHNY-26OCT04-B63.5,2026-10-04 11:00:00+00:00,0.5384615384615384,0.33,0.34,0.35,295.53,0.010000000000000009,0.335,0,KXHIGHNY-26OCT04
KXHIGHNY-26OCT04-B63.5,2026-10-04 12:00:00+00:00,0.5641025641025641,0.25,0.26,0.25,1379.89,0.010000000000000009,0.255,0,KXHIGHNY-26OCT04
KXHIGHNY-26OCT04-B63.5,2026-10-04 13:00:00+00:00,0.5897435897435898,0.43,0.44,0.43,1355.7,0.010000000000000009,0.435,0,KXHIGHNY-26OCT04
KXHIGHNY-26OCT04-B63.5,2026-10-04 14:00:00+00:00,0.6153846153846154,0.58,0.62,0.58,2378.12,0.040000000000000036,0.6,0,KXHIGHNY-26OCT04
KXHIGHNY-26OCT04-B63.5,2026-10-04 15:00:00+00:00,0.6410256410256411,0.56,0.61,0.61,1562.39,0.04999999999999993,0.585,0,KXHIGHNY-26OCT04
KXHIGHNY-26OCT04-B63.5,2026-10-04 16:00:00+00:00,0.6666666666666666,0.43,0.44,0.44,2407.15,0.010000000000000009,0.435,0,KXHIGHNY-26OCT04
KXHIGHNY-26OCT04-B63.5,2026-10-04 17:00:00+00:00,0.6923076923076923,0.56,0.57,0.56,1595.85,0.009999999999999898,0.565,0,KXHIGHNY-26OCT04
KXHIGHNY-26OCT04-B63.5,2026-10-04 18:00:00+00:00,0.717948717948718,0.02,0.03,0.01,6605.84,0.009999999999999998,0.025,0,KXHIGHNY-26OCT04
KXHIGHNY-26OCT04-B63.5,2026-10-04 19:00:00+00:00,0.7435897435897436,0.01,0.02,0.01,2358.2,0.01,0.015,0,KXHIGHNY-26OCT04
KXHIGHNY-26OCT04-B63.5,2026-10-04 20:00:00+00:00,0.7692307692307693,0.01,0.02,0.02,1797.59,0.01,0.015,0,KXHIGHNY-26OCT04
KXHIGHNY-26OCT04-B63.5,2026-10-04 21:00:00+00:00,0.7948717948717948,0.01,0.02,0.01,1230.43,0.01,0.015,0,KXHIGHNY-26OCT04
KXHIGHNY-26OCT04-B63.5,2026-10-04 22:00:00+00:00,0.8205128205128205,0.0,0.01,0.01,775.8,0.01,0.005,0,KXHIGHNY-26OCT04
KXHIGHNY-26OCT04-B63.5,2026-10-04 23:00:00+00:00,0.8461538461538461,0.0,0.02,0.02,1343.84,0.02,0.01,0,KXHIGHNY-26OCT04
KXHIGHNY-26OCT04-B63.5,2026-10-05 00:00:00+00:00,0.8717948717948718,0.0,0.02,0.02,369.0,0.02,0.01,0,KXHIGHNY-26OCT04
KXHIGHNY-26OCT04-B63.5,2026-10-05 01:00:00+00:00,0.8974358974358975,0.0,0.01,0.01,919.87,0.01,0.005,0,KXHIGHNY-26OCT04
KXHIGHNY-26OCT04-B63.5,2026-10-05 02:00:00+00:00,0.9230769230769231,0.0,0.01,0.01,704.13,0.01,0.005,0,KXHIGHNY-26OCT04
KXHIGHNY-26OCT04-B63.5,2026-10-05 03:00:00+00:00,0.9487179487179487,0.0,0.01,0.01,768.66,0.01,0.005,0,KXHIGHNY-26OCT04
KXHIGHNY-26OCT04-B63.5,2026-10-05 04:00:00+00:00,0.9743589743589743,0.0,0.01,0.01,1582.0,0.01,0.005,0,KXHIGHNY-26OCT04
KXHIGHNY-26OCT04-B63.5,2026-10-05 05:00:00+00:00,1.0,0.0,0.01,0.01,46.75,0.01,0.005,0,KXHIGHNY-26OCT04
KXHIGHNY-26OCT03-B70.5,2026-10-02 15:00:00+00:00,0.02564102564102564,0.47,0.49,0.49,160.0,0.020000000000000018,0.48,1,KXHIGHNY-26OCT03
KXHIGHNY-26OCT03-B70.5,2026-10-02 16:00:00+00:00,0.05128205128205128,0.48,0.49,0.48,129.0,0.010000000000000009,0.485,1,KXHIGHNY-26OCT03
KXHIGHNY-26OCT03-B70.5,2026-10-02 17:00:00+00:00,0.07692307692307693,0.49,0.5,0.5,136.0,0.010000000000000009,0.495,1,KXHIGHNY-26OCT03
KXHIGHNY-26OCT03-B70.5,2026-10-02 18:00:00+00:00,0.10256410256410256,0.51,0.52,0.52,95.18,0.010000000000000009,0.515,1,KXHIGHNY-26OCT03
KXHIGHNY-26OCT03-B70.5,2026-10-02 19:00:00+00:00,0.1282051282051282,0.52,0.53,0.53,57.6,0.010000000000000009,0.525,1,KXHIGHNY-26OCT03
KXHIGHNY-26OCT03-B70.5,2026-10-02 20:00:00+00:00,0.15384615384615385,0.53,0.54,0.56,88.69,0.010000000000000009,0.535,1,KXHIGHNY-26OCT03
KXHIGHNY-26OCT03-B70.5,2026-10-02 21:00:00+00:00,0.1794871794871795,0.51,0.53,0.53,103.53,0.020000000000000018,0.52,1,KXHIGHNY-26OCT03
KXHIGHNY-26OCT03-B70.5,2026-10-02 22:00:00+00:00,0.20512820512820512,0.53,0.54,0.54,79.52,0.010000000000000009,0.535,1,KXHIGHNY-26OCT03
KXHIGHNY-26OCT03-B70.5,2026-10-02 23:00:00+00:00,0.23076923076923078,0.53,0.54,0.55,602.01,0.010000000000000009,0.535,1,KXHIGHNY-26OCT03
KXHIGHNY-26OCT03-B70.5,2026-10-03 00:00:00+00:00,0.2564102564102564,0.47,0.48,0.48,236.52,0.010000000000000009,0.475,1,KXHIGHNY-26OCT03
KXHIGHNY-26OCT03-B70.5,2026-10-03 01:00:00+00:00,0.28205128205128205,0.46,0.47,0.47,81.28,0.009999999999999953,0.46499999999999997,1,KXHIGHNY-26OCT03
KXHIGHNY-26OCT03-B70.5,2026-10-03 02:00:00+00:00,0.3076923076923077,0.46,0.47,0.47,109.35,0.009999999999999953,0.46499999999999997,1,KXHIGHNY-26OCT03
KXHIGHNY-26OCT03-B70.5,2026-10-03 03:00:00+00:00,0.3333333333333333,0.49,0.51,0.51,358.74,0.020000000000000018,0.5,1,KXHIGHNY-26OCT03
KXHIGHNY-26OCT03-B70.5,2026-10-03 04:00:00+00:00,0.358974358974359,0.52,0.53,0.52,377.85,0.010000000000000009,0.525,1,KXHIGHNY-26OCT03
KXHIGHNY-26OCT03-B70.5,2026-10-03 05:00:00+00:00,0.38461538461538464,0.56,0.58,0.58,1015.62,0.019999999999999907,0.5700000000000001,1,KXHIGHNY-26OCT03
KXHIGHNY-26OCT03-B70.5,2026-10-03 06:00:00+00:00,0.41025641025641024,0.55,0.56,0.56,141.12,0.010000000000000009,0.555,1,KXHIGHNY-26OCT03
KXHIGHNY-26OCT03-B70.5,2026-10-03 07:00:00+00:00,0.4358974358974359,0.53,0.54,0.54,83.12,0.010000000000000009,0.535,1,KXHIGHNY-26OCT03
KXHIGHNY-26OCT03-B70.5,2026-10-03 08:00:00+00:00,0.46153846153846156,0.53,0.55,0.54,133.04,0.020000000000000018,0.54,1,KXHIGHNY-26OCT03
KXHIGHNY-26OCT03-B70.5,2026-10-03 09:00:00+00:00,0.48717948717948717,0.53,0.54,0.54,34.03,0.010000000000000009,0.535,1,KXHIGHNY-26OCT03
KXHIGHNY-26OCT03-B70.5,2026-10-03 10:00:00+00:00,0.5128205128205128,0.54,0.55,0.55,155.43,0.010000000000000009,0.545,1,KXHIGHNY-26OCT03
KXHIGHNY-26OCT03-B70.5,2026-10-03 11:00:00+00:00,0.5384615384615384,0.55,0.56,0.56,138.4,0.010000000000000009,0.555,1,KXHIGHNY-26OCT03
KXHIGHNY-26OCT03-B70.5,2026-10-03 12:00:00+00:00,0.5641025641025641,0.56,0.59,0.59,218.49,0.029999999999999916,0.575,1,KXHIGHNY-26OCT03
KXHIGHNY-26OCT03-B70.5,2026-10-03 13:00:00+00:00,0.5897435897435898,0.57,0.58,0.58,1216.97,0.010000000000000009,0.575,1,KXHIGHNY-26OCT03
KXHIGHNY-26OCT03-B70.5,2026-10-03 14:00:00+00:00,0.6153846153846154,0.62,0.63,0.63,408.75,0.010000000000000009,0.625,1,KXHIGHNY-26OCT03
KXHIGHNY-26OCT03-B70.5,2026-10-03 15:00:00+00:00,0.6410256410256411,0.61,0.63,0.61,677.64,0.020000000000000018,0.62,1,KXHIGHNY-26OCT03
KXHIGHNY-26OCT03-B70.5,2026-10-03 16:00:00+00:00,0.6666666666666666,0.66,0.67,0.67,970.84,0.010000000000000009,0.665,1,KXHIGHNY-26OCT03
KXHIGHNY-26OCT03-B70.5,2026-10-03 17:00:00+00:00,0.6923076923076923,0.69,0.7,0.7,676.92,0.010000000000000009,0.695,1,KXHIGHNY-26OCT03
KXHIGHNY-26OCT03-B70.5,2026-10-03 18:00:00+00:00,0.717948717948718,0.7,0.78,0.7,2250.5,0.08000000000000007,0.74,1,KXHIGHNY-26OCT03
KXHIGHNY-26OCT03-B70.5,2026-10-03 19:00:00+00:00,0.7435897435897436,0.85,0.86,0.82,1401.2,0.010000000000000009,0.855,1,KXHIGHNY-26OCT03
KXHIGHNY-26OCT03-B70.5,2026-10-03 20:00:00+00:00,0.7692307692307693,0.88,0.89,0.87,2007.15,0.010000000000000009,0.885,1,KXHIGHNY-26OCT03
KXHIGHNY-26OCT03-B70.5,2026-10-03 21:00:00+00:00,0.7948717948717948,0.97,0.99,0.97,4857.53,0.020000000000000018,0.98,1,KXHIGHNY-26OCT03
KXHIGHNY-26OCT03-B70.5,2026-10-03 22:00:00+00:00,0.8205128205128205,0.99,1.0,0.99,1671.32,0.010000000000000009,0.995,1,KXHIGHNY-26OCT03
KXHIGHNY-26OCT03-B70.5,2026-10-03 23:00:00+00:00,0.8461538461538461,0.99,1.0,0.99,1920.96,0.010000000000000009,0.995,1,KXHIGHNY-26OCT03
KXHIGHNY-26OCT03-B70.5,2026-10-04 00:00:00+00:00,0.8717948717948718,0.99,1.0,0.99,119.32,0.010000000000000009,0.995,1,KXHIGHNY-26OCT03
KXHIGHNY-26OCT03-B70.5,2026-10-04 01:00:00+00:00,0.8974358974358975,0.99,1.0,0.99,58.33,0.010000000000000009,0.995,1,KXHIGHNY-26OCT03
KXHIGHNY-26OCT03-B70.5,2026-10-04 02:00:00+00:00,0.9230769230769231,0.99,1.0,0.99,212.19,0.010000000000000009,0.995,1,KXHIGHNY-26OCT03
KXHIGHNY-26OCT03-B70.5,2026-10-04 03:00:00+00:00,0.9487179487179487,0.99,1.0,0.99,209.35,0.010000000000000009,0.995,1,KXHIGHNY-26OCT03
KXHIGHNY-26OCT03-B70.5,2026-10-04 04:00:00+00:00,0.9743589743589743,0.99,1.0,0.99,112.73,0.010000000000000009,0.995,1,KXHIGHNY-26OCT03
KXHIGHNY-26OCT03-B70.5,2026-10-04 05:00:00+00:00,1.0,0.99,1.0,0.99,6.67,0.010000000000000009,0.995,1,KXHIGHNY-26OCT03
KXHIGHNY-26OCT02-B83.5,2026-10-01 15:00:00+00:00,0.02564102564102564,0.36,0.37,0.37,26.52,0.010000000000000009,0.365,1,KXHIGHNY-26OCT02
KXHIGHNY-26OCT02-B83.5,2026-10-01 16:00:00+00:00,0.05128205128205128,0.36,0.37,0.36,216.93,0.010000000000000009,0.365,1,KXHIGHNY-26OCT02
KXHIGHNY-26OCT02-B83.5,2026-10-01 17:00:00+00:00,0.07692307692307693,0.32,0.33,0.33,49.02,0.010000000000000009,0.325,1,KXHIGHNY-26OCT02
KXHIGHNY-26OCT02-B83.5,2026-10-01 18:00:00+00:00,0.10256410256410256,0.35,0.36,0.36,208.0,0.010000000000000009,0.355,1,KXHIGHNY-26OCT02
KXHIGHNY-26OCT02-B83.5,2026-10-01 19:00:00+00:00,0.1282051282051282,0.38,0.39,0.39,235.33,0.010000000000000009,0.385,1,KXHIGHNY-26OCT02
KXHIGHNY-26OCT02-B83.5,2026-10-01 20:00:00+00:00,0.15384615384615385,0.47,0.49,0.47,322.22,0.020000000000000018,0.48,1,KXHIGHNY-26OCT02
KXHIGHNY-26OCT02-B83.5,2026-10-01 21:00:00+00:00,0.1794871794871795,0.45,0.48,0.47,343.81,0.02999999999999997,0.46499999999999997,1,KXHIGHNY-26OCT02
KXHIGHNY-26OCT02-B83.5,2026-10-01 22:00:00+00:00,0.20512820512820512,0.47,0.48,0.48,298.27,0.010000000000000009,0.475,1,KXHIGHNY-26OCT02
KXHIGHNY-26OCT02-B83.5,2026-10-01 23:00:00+00:00,0.23076923076923078,0.46,0.47,0.47,229.09,0.009999999999999953,0.46499999999999997,1,KXHIGHNY-26OCT02
KXHIGHNY-26OCT02-B83.5,2026-10-02 00:00:00+00:00,0.2564102564102564,0.45,0.46,0.46,276.22,0.010000000000000009,0.455,1,KXHIGHNY-26OCT02
KXHIGHNY-26OCT02-B83.5,2026-10-02 01:00:00+00:00,0.28205128205128205,0.47,0.48,0.48,183.85,0.010000000000000009,0.475,1,KXHIGHNY-26OCT02
KXHIGHNY-26OCT02-B83.5,2026-10-02 02:00:00+00:00,0.3076923076923077,0.49,0.5,0.5,264.3,0.010000000000000009,0.495,1,KXHIGHNY-26OCT02
KXHIGHNY-26OCT02-B83.5,2026-10-02 03:00:00+00:00,0.3333333333333333,0.51,0.54,0.55,619.15,0.030000000000000027,0.525,1,KXHIGHNY-26OCT02
KXHIGHNY-26OCT02-B83.5,2026-10-02 04:00:00+00:00,0.358974358974359,0.53,0.54,0.55,292.44,0.010000000000000009,0.535,1,KXHIGHNY-26OCT02
KXHIGHNY-26OCT02-B83.5,2026-10-02 05:00:00+00:00,0.38461538461538464,0.55,0.57,0.58,1090.81,0.019999999999999907,0.56,1,KXHIGHNY-26OCT02
KXHIGHNY-26OCT02-B83.5,2026-10-02 06:00:00+00:00,0.41025641025641024,0.56,0.57,0.57,358.23,0.009999999999999898,0.565,1,KXHIGHNY-26OCT02
KXHIGHNY-26OCT02-B83.5,2026-10-02 07:00:00+00:00,0.4358974358974359,0.57,0.6,0.6,130.91,0.030000000000000027,0.585,1,KXHIGHNY-26OCT02
KXHIGHNY-26OCT02-B83.5,2026-10-02 08:00:00+00:00,0.46153846153846156,0.52,0.53,0.52,315.05,0.010000000000000009,0.525,1,KXHIGHNY-26OCT02
KXHIGHNY-26OCT02-B83.5,2026-10-02 09:00:00+00:00,0.48717948717948717,0.55,0.56,0.57,201.68,0.010000000000000009,0.555,1,KXHIGHNY-26OCT02
KXHIGHNY-26OCT02-B83.5,2026-10-02 10:00:00+00:00,0.5128205128205128,0.57,0.61,0.61,218.41,0.040000000000000036,0.59,1,KXHIGHNY-26OCT02
KXHIGHNY-26OCT02-B83.5,2026-10-02 11:00:00+00:00,0.5384615384615384,0.56,0.59,0.59,499.03,0.029999999999999916,0.575,1,KXHIGHNY-26OCT02
KXHIGHNY-26OCT02-B83.5,2026-10-02 12:00:00+00:00,0.5641025641025641,0.58,0.6,0.61,913.06,0.020000000000000018,0.59,1,KXHIGHNY-26OCT02
KXHIGHNY-26OCT02-B83.5,2026-10-02 13:00:00+00:00,0.5897435897435898,0.57,0.59,0.57,803.18,0.020000000000000018,0.58,1,KXHIGHNY-26OCT02
KXHIGHNY-26OCT02-B83.5,2026-10-02 14:00:00+00:00,0.6153846153846154,0.52,0.54,0.54,885.2,0.020000000000000018,0.53,1,KXHIGHNY-26OCT02
KXHIGHNY-26OCT02-B83.5,2026-10-02 15:00:00+00:00,0.6410256410256411,0.55,0.56,0.56,1326.81,0.010000000000000009,0.555,1,KXHIGHNY-26OCT02
KXHIGHNY-26OCT02-B83.5,2026-10-02 16:00:00+00:00,0.6666666666666666,0.47,0.48,0.48,1545.94,0.010000000000000009,0.475,1,KXHIGHNY-26OCT02
KXHIGHNY-26OCT02-B83.5,2026-10-02 17:00:00+00:00,0.6923076923076923,0.26,0.33,0.3,4139.16,0.07,0.29500000000000004,1,KXHIGHNY-26OCT02
KXHIGHNY-26OCT02-B83.5,2026-10-02 18:00:00+00:00,0.717948717948718,0.61,0.63,0.64,3456.32,0.020000000000000018,0.62,1,KXHIGHNY-26OCT02
KXHIGHNY-26OCT02-B83.5,2026-10-02 19:00:00+00:00,0.7435897435897436,0.73,0.8,0.73,3679.71,0.07000000000000006,0.765,1,KXHIGHNY-26OCT02
KXHIGHNY-26OCT02-B83.5,2026-10-02 20:00:00+00:00,0.7692307692307693,0.79,0.8,0.8,1598.88,0.010000000000000009,0.795,1,KXHIGHNY-26OCT02
KXHIGHNY-26OCT02-B83.5,2026-10-02 21:00:00+00:00,0.7948717948717948,0.96,0.98,0.97,6012.77,0.020000000000000018,0.97,1,KXHIGHNY-26OCT02
KXHIGHNY-26OCT02-B83.5,2026-10-02 22:00:00+00:00,0.8205128205128205,0.98,0.99,0.99,1494.98,0.010000000000000009,0.985,1,KXHIGHNY-26OCT02
KXHIGHNY-26OCT02-B83.5,2026-10-02 23:00:00+00:00,0.8461538461538461,0.99,1.0,0.99,1703.43,0.010000000000000009,0.995,1,KXHIGHNY-26OCT02
KXHIGHNY-26OCT02-B83.5,2026-10-03 00:00:00+00:00,0.8717948717948718,0.99,1.0,0.99,2779.2,0.010000000000000009,0.995,1,KXHIGHNY-26OCT02
KXHIGHNY-26OCT02-B83.5,2026-10-03 01:00:00+00:00,0.8974358974358975,0.99,1.0,0.99,203.71,0.010000000000000009,0.995,1,KXHIGHNY-26OCT02
KXHIGHNY-26OCT02-B83.5,2026-10-03 02:00:00+00:00,0.9230769230769231,0.99,1.0,0.99,510.97,0.010000000000000009,0.995,1,KXHIGHNY-26OCT02
KXHIGHNY-26OCT02-B83.5,2026-10-03 03:00:00+00:00,0.9487179487179487,0.99,1.0,0.99,437.23,0.010000000000000009,0.995,1,KXHIGHNY-26OCT02
KXHIGHNY-26OCT02-B83.5,2026-10-03 04:00:00+00:00,0.9743589743589743,0.99,1.0,0.99,718.28,0.010000000000000009,0.995,1,KXHIGHNY-26OCT02
KXHIGHNY-26OCT02-B83.5,2026-10-03 05:00:00+00:00,1.0,0.99,1.0,0.99,79.34,0.010000000000000009,0.995,1,KXHIGHNY-26OCT02
KXHIGHNY-26OCT01-T75,2026-09-30 15:00:00+00:00,0.02564102564102564,0.39,0.4,0.4,606.56,0.010000000000000009,0.395,0,KXHIGHNY-26OCT01
KXHIGHNY-26OCT01-T75,2026-09-30 16:00:00+00:00,0.05128205128205128,0.41,0.45,0.46,103.13,0.040000000000000036,0.43,0,KXHIGHNY-26OCT01
KXHIGHNY-26OCT01-T75,2026-09-30 17:00:00+00:00,0.07692307692307693,0.35,0.36,0.36,156.0,0.010000000000000009,0.355,0,KXHIGHNY-26OCT01
KXHIGHNY-26OCT01-T75,2026-09-30 18:00:00+00:00,0.10256410256410256,0.29,0.3,0.3,205.0,0.010000000000000009,0.295,0,KXHIGHNY-26OCT01
KXHIGHNY-26OCT01-T75,2026-09-30 19:00:00+00:00,0.1282051282051282,0.33,0.34,0.33,147.86,0.010000000000000009,0.335,0,KXHIGHNY-26OCT01
KXHIGHNY-26OCT01-T75,2026-09-30 20:00:00+00:00,0.15384615384615385,0.34,0.35,0.34,243.0,0.009999999999999953,0.345,0,KXHIGHNY-26OCT01
KXHIGHNY-26OCT01-T75,2026-09-30 21:00:00+00:00,0.1794871794871795,0.34,0.35,0.35,198.99,0.009999999999999953,0.345,0,KXHIGHNY-26OCT01
KXHIGHNY-26OCT01-T75,2026-09-30 22:00:00+00:00,0.20512820512820512,0.37,0.38,0.38,507.29,0.010000000000000009,0.375,0,KXHIGHNY-26OCT01
KXHIGHNY-26OCT01-T75,2026-09-30 23:00:00+00:00,0.23076923076923078,0.37,0.38,0.38,284.6,0.010000000000000009,0.375,0,KXHIGHNY-26OCT01
KXHIGHNY-26OCT01-T75,2026-10-01 00:00:00+00:00,0.2564102564102564,0.28,0.29,0.29,1524.62,0.009999999999999953,0.28500000000000003,0,KXHIGHNY-26OCT01
KXHIGHNY-26OCT01-T75,2026-10-01 01:00:00+00:00,0.28205128205128205,0.28,0.29,0.3,277.11,0.009999999999999953,0.28500000000000003,0,KXHIGHNY-26OCT01
KXHIGHNY-26OCT01-T75,2026-10-01 02:00:00+00:00,0.3076923076923077,0.24,0.25,0.24,310.12,0.010000000000000009,0.245,0,KXHIGHNY-26OCT01
KXHIGHNY-26OCT01-T75,2026-10-01 03:00:00+00:00,0.3333333333333333,0.22,0.23,0.23,290.48,0.010000000000000009,0.225,0,KXHIGHNY-26OCT01
KXHIGHNY-26OCT01-T75,2026-10-01 04:00:00+00:00,0.358974358974359,0.18,0.19,0.19,234.97,0.010000000000000009,0.185,0,KXHIGHNY-26OCT01
KXHIGHNY-26OCT01-T75,2026-10-01 05:00:00+00:00,0.38461538461538464,0.16,0.18,0.16,154.8,0.01999999999999999,0.16999999999999998,0,KXHIGHNY-26OCT01
KXHIGHNY-26OCT01-T75,2026-10-01 06:00:00+00:00,0.41025641025641024,0.12,0.13,0.12,124.17,0.010000000000000009,0.125,0,KXHIGHNY-26OCT01
KXHIGHNY-26OCT01-T75,2026-10-01 07:00:00+00:00,0.4358974358974359,0.13,0.15,0.14,92.85,0.01999999999999999,0.14,0,KXHIGHNY-26OCT01
KXHIGHNY-26OCT01-T75,2026-10-01 08:00:00+00:00,0.46153846153846156,0.13,0.15,,0.0,0.01999999999999999,0.14,0,KXHIGHNY-26OCT01
KXHIGHNY-26OCT01-T75,2026-10-01 10:00:00+00:00,0.5128205128205128,0.16,0.17,0.16,192.65,0.010000000000000009,0.165,0,KXHIGHNY-26OCT01
KXHIGHNY-26OCT01-T75,2026-10-01 11:00:00+00:00,0.5384615384615384,0.19,0.2,0.2,87.9,0.010000000000000009,0.195,0,KXHIGHNY-26OCT01
KXHIGHNY-26OCT01-T75,2026-10-01 12:00:00+00:00,0.5641025641025641,0.19,0.2,0.21,683.28,0.010000000000000009,0.195,0,KXHIGHNY-26OCT01
KXHIGHNY-26OCT01-T75,2026-10-01 13:00:00+00:00,0.5897435897435898,0.15,0.16,0.16,1351.11,0.010000000000000009,0.155,0,KXHIGHNY-26OCT01
KXHIGHNY-26OCT01-T75,2026-10-01 14:00:00+00:00,0.6153846153846154,0.1,0.11,0.1,1669.01,0.009999999999999995,0.10500000000000001,0,KXHIGHNY-26OCT01
KXHIGHNY-26OCT01-T75,2026-10-01 15:00:00+00:00,0.6410256410256411,0.03,0.05,0.03,2147.72,0.020000000000000004,0.04,0,KXHIGHNY-26OCT01
KXHIGHNY-26OCT01-T75,2026-10-01 16:00:00+00:00,0.6666666666666666,0.07,0.11,0.08,2369.62,0.039999999999999994,0.09,0,KXHIGHNY-26OCT01
KXHIGHNY-26OCT01-T75,2026-10-01 17:00:00+00:00,0.6923076923076923,0.01,0.02,0.01,3116.75,0.01,0.015,0,KXHIGHNY-26OCT01
KXHIGHNY-26OCT01-T75,2026-10-01 18:00:00+00:00,0.717948717948718,0.0,0.01,0.01,2113.3,0.01,0.005,0,KXHIGHNY-26OCT01
KXHIGHNY-26OCT01-T75,2026-10-01 19:00:00+00:00,0.7435897435897436,0.0,0.01,0.01,583.95,0.01,0.005,0,KXHIGHNY-26OCT01
KXHIGHNY-26OCT01-T75,2026-10-01 20:00:00+00:00,0.7692307692307693,0.0,0.01,0.01,1506.01,0.01,0.005,0,KXHIGHNY-26OCT01
KXHIGHNY-26OCT01-T75,2026-10-01 21:00:00+00:00,0.7948717948717948,0.0,0.01,0.01,201.37,0.01,0.005,0,KXHIGHNY-26OCT01
KXHIGHNY-26OCT01-T75,2026-10-01 22:00:00+00:00,0.8205128205128205,0.0,0.01,0.01,1496.29,0.01,0.005,0,KXHIGHNY-26OCT01
KXHIGHNY-26OCT01-T75,2026-10-01 23:00:00+00:00,0.8461538461538461,0.0,0.01,0.01,218.42,0.01,0.005,0,KXHIGHNY-26OCT01
KXHIGHNY-26OCT01-T75,2026-10-02 00:00:00+00:00,0.8717948717948718,0.0,0.01,0.01,490.93,0.01,0.005,0,KXHIGHNY-26OCT01
KXHIGHNY-26OCT01-T75,2026-10-02 01:00:00+00:00,0.8974358974358975,0.0,0.01,0.01,981.91,0.01,0.005,0,KXHIGHNY-26OCT01
KXHIGHNY-26OCT01-T75,2026-10-02 02:00:00+00:00,0.9230769230769231,0.0,0.01,0.01,467.0,0.01,0.005,0,KXHIGHNY-26OCT01
KXHIGHNY-26OCT01-T75,2026-10-02 03:00:00+00:00,0.9487179487179487,0.0,0.01,0.01,654.1,0.01,0.005,0,KXHIGHNY-26OCT01
KXHIGHNY-26OCT01-T75,2026-10-02 04:00:00+00:00,0.9743589743589743,0.0,0.01,,0.0,0.01,0.005,0,KXHIGHNY-26OCT01
KXHIGHNY-26OCT01-T75,2026-10-02 05:00:00+00:00,1.0,0.0,0.01,,0.0,0.01,0.005,0,KXHIGHNY-26OCT01
KXHIGHNY-26SEP30-B74.5,2026-09-29 15:00:00+00:00,0.02564102564102564,0.39,0.4,0.39,17.0,0.010000000000000009,0.395,1,KXHIGHNY-26SEP30
KXHIGHNY-26SEP30-B74.5,2026-09-29 16:00:00+00:00,0.05128205128205128,0.45,0.46,0.46,134.29,0.010000000000000009,0.455,1,KXHIGHNY-26SEP30
KXHIGHNY-26SEP30-B74.5,2026-09-29 17:00:00+00:00,0.07692307692307693,0.46,0.47,0.46,183.59,0.009999999999999953,0.46499999999999997,1,KXHIGHNY-26SEP30
KXHIGHNY-26SEP30-B74.5,2026-09-29 18:00:00+00:00,0.10256410256410256,0.44,0.46,0.47,60.42,0.020000000000000018,0.45,1,KXHIGHNY-26SEP30
KXHIGHNY-26SEP30-B74.5,2026-09-29 19:00:00+00:00,0.1282051282051282,0.47,0.48,0.48,96.72,0.010000000000000009,0.475,1,KXHIGHNY-26SEP30
KXHIGHNY-26SEP30-B74.5,2026-09-29 20:00:00+00:00,0.15384615384615385,0.47,0.48,0.48,116.48,0.010000000000000009,0.475,1,KXHIGHNY-26SEP30
KXHIGHNY-26SEP30-B74.5,2026-09-29 21:00:00+00:00,0.1794871794871795,0.49,0.5,0.49,322.92,0.010000000000000009,0.495,1,KXHIGHNY-26SEP30
KXHIGHNY-26SEP30-B74.5,2026-09-29 22:00:00+00:00,0.20512820512820512,0.46,0.47,0.47,84.97,0.009999999999999953,0.46499999999999997,1,KXHIGHNY-26SEP30
KXHIGHNY-26SEP30-B74.5,2026-09-29 23:00:00+00:00,0.23076923076923078,0.46,0.47,0.49,68.86,0.009999999999999953,0.46499999999999997,1,KXHIGHNY-26SEP30
KXHIGHNY-26SEP30-B74.5,2026-09-30 00:00:00+00:00,0.2564102564102564,0.46,0.47,0.47,210.07,0.009999999999999953,0.46499999999999997,1,KXHIGHNY-26SEP30
KXHIGHNY-26SEP30-B74.5,2026-09-30 01:00:00+00:00,0.28205128205128205,0.45,0.46,0.46,20.35,0.010000000000000009,0.455,1,KXHIGHNY-26SEP30
KXHIGHNY-26SEP30-B74.5,2026-09-30 02:00:00+00:00,0.3076923076923077,0.38,0.39,0.39,557.82,0.010000000000000009,0.385,1,KXHIGHNY-26SEP30
KXHIGHNY-26SEP30-B74.5,2026-09-30 03:00:00+00:00,0.3333333333333333,0.39,0.4,0.39,140.32,0.010000000000000009,0.395,1,KXHIGHNY-26SEP30
KXHIGHNY-26SEP30-B74.5,2026-09-30 04:00:00+00:00,0.358974358974359,0.39,0.4,0.39,230.22,0.010000000000000009,0.395,1,KXHIGHNY-26SEP30
KXHIGHNY-26SEP30-B74.5,2026-09-30 05:00:00+00:00,0.38461538461538464,0.35,0.37,0.36,181.02,0.020000000000000018,0.36,1,KXHIGHNY-26SEP30
KXHIGHNY-26SEP30-B74.5,2026-09-30 06:00:00+00:00,0.41025641025641024,0.35,0.37,0.37,154.96,0.020000000000000018,0.36,1,KXHIGHNY-26SEP30
KXHIGHNY-26SEP30-B74.5,2026-09-30 07:00:00+00:00,0.4358974358974359,0.36,0.39,0.39,169.02,0.030000000000000027,0.375,1,KXHIGHNY-26SEP30
KXHIGHNY-26SEP30-B74.5,2026-09-30 08:00:00+00:00,0.46153846153846156,0.35,0.36,0.36,77.06,0.010000000000000009,0.355,1,KXHIGHNY-26SEP30
KXHIGHNY-26SEP30-B74.5,2026-09-30 09:00:00+00:00,0.48717948717948717,0.3,0.33,0.33,529.79,0.030000000000000027,0.315,1,KXHIGHNY-26SEP30
KXHIGHNY-26SEP30-B74.5,2026-09-30 10:00:00+00:00,0.5128205128205128,0.35,0.36,0.36,277.99,0.010000000000000009,0.355,1,KXHIGHNY-26SEP30
KXHIGHNY-26SEP30-B74.5,2026-09-30 11:00:00+00:00,0.5384615384615384,0.37,0.39,0.36,259.7,0.020000000000000018,0.38,1,KXHIGHNY-26SEP30
KXHIGHNY-26SEP30-B74.5,2026-09-30 12:00:00+00:00,0.5641025641025641,0.37,0.39,0.39,290.93,0.020000000000000018,0.38,1,KXHIGHNY-26SEP30
KXHIGHNY-26SEP30-B74.5,2026-09-30 13:00:00+00:00,0.5897435897435898,0.36,0.38,0.38,1043.75,0.020000000000000018,0.37,1,KXHIGHNY-26SEP30
KXHIGHNY-26SEP30-B74.5,2026-09-30 14:00:00+00:00,0.6153846153846154,0.37,0.38,0.37,1145.61,0.010000000000000009,0.375,1,KXHIGHNY-26SEP30
KXHIGHNY-26SEP30-B74.5,2026-09-30 15:00:00+00:00,0.6410256410256411,0.3,0.32,0.33,1290.79,0.020000000000000018,0.31,1,KXHIGHNY-26SEP30
KXHIGHNY-26SEP30-B74.5,2026-09-30 16:00:00+00:00,0.6666666666666666,0.3,0.32,0.31,1973.0,0.020000000000000018,0.31,1,KXHIGHNY-26SEP30
KXHIGHNY-26SEP30-B74.5,2026-09-30 17:00:00+00:00,0.6923076923076923,0.19,0.2,0.2,2236.46,0.010000000000000009,0.195,1,KXHIGHNY-26SEP30
KXHIGHNY-26SEP30-B74.5,2026-09-30 18:00:00+00:00,0.717948717948718,0.47,0.51,0.49,2809.71,0.040000000000000036,0.49,1,KXHIGHNY-26SEP30
KXHIGHNY-26SEP30-B74.5,2026-09-30 19:00:00+00:00,0.7435897435897436,0.44,0.45,0.44,3188.06,0.010000000000000009,0.445,1,KXHIGHNY-26SEP30
KXHIGHNY-26SEP30-B74.5,2026-09-30 20:00:00+00:00,0.7692307692307693,0.32,0.33,0.32,3611.56,0.010000000000000009,0.325,1,KXHIGHNY-26SEP30
KXHIGHNY-26SEP30-B74.5,2026-09-30 21:00:00+00:00,0.7948717948717948,0.09,0.11,0.12,17000.03,0.020000000000000004,0.1,1,KXHIGHNY-26SEP30
KXHIGHNY-26SEP30-B74.5,2026-09-30 22:00:00+00:00,0.8205128205128205,0.99,1.0,0.99,16389.18,0.010000000000000009,0.995,1,KXHIGHNY-26SEP30
KXHIGHNY-26SEP30-B74.5,2026-09-30 23:00:00+00:00,0.8461538461538461,0.99,1.0,0.99,1268.22,0.010000000000000009,0.995,1,KXHIGHNY-26SEP30
KXHIGHNY-26SEP30-B74.5,2026-10-01 00:00:00+00:00,0.8717948717948718,0.99,1.0,0.99,179.52,0.010000000000000009,0.995,1,KXHIGHNY-26SEP30
KXHIGHNY-26SEP30-B74.5,2026-10-01 01:00:00+00:00,0.8974358974358975,0.99,1.0,0.99,1559.44,0.010000000000000009,0.995,1,KXHIGHNY-26SEP30
KXHIGHNY-26SEP30-B74.5,2026-10-01 02:00:00+00:00,0.9230769230769231,0.99,1.0,0.99,1162.77,0.010000000000000009,0.995,1,KXHIGHNY-26SEP30
KXHIGHNY-26SEP30-B74.5,2026-10-01 03:00:00+00:00,0.9487179487179487,0.99,1.0,0.99,2082.7,0.010000000000000009,0.995,1,KXHIGHNY-26SEP30
KXHIGHNY-26SEP30-B74.5,2026-10-01 04:00:00+00:00,0.9743589743589743,0.99,1.0,0.99,1202.52,0.010000000000000009,0.995,1,KXHIGHNY-26SEP30
KXHIGHNY-26SEP30-B74.5,2026-10-01 05:00:00+00:00,1.0,0.99,1.0,0.99,93.46,0.010000000000000009,0.995,1,KXHIGHNY-26SEP30
KXHIGHNY-26SEP29-B69.5,2026-09-28 15:00:00+00:00,0.02564102564102564,0.41,0.43,0.44,177.91,0.020000000000000018,0.42,1,KXHIGHNY-26SEP29
KXHIGHNY-26SEP29-B69.5,2026-09-28 16:00:00+00:00,0.05128205128205128,0.39,0.41,0.41,30.32,0.019999999999999962,0.4,1,KXHIGHNY-26SEP29
KXHIGHNY-26SEP29-B69.5,2026-09-28 17:00:00+00:00,0.07692307692307693,0.39,0.4,0.4,7.17,0.010000000000000009,0.395,1,KXHIGHNY-26SEP29
KXHIGHNY-26SEP29-B69.5,2026-09-28 18:00:00+00:00,0.10256410256410256,0.42,0.43,0.45,205.0,0.010000000000000009,0.425,1,KXHIGHNY-26SEP29
KXHIGHNY-26SEP29-B69.5,2026-09-28 19:00:00+00:00,0.1282051282051282,0.45,0.46,0.46,146.01,0.010000000000000009,0.455,1,KXHIGHNY-26SEP29
KXHIGHNY-26SEP29-B69.5,2026-09-28 20:00:00+00:00,0.15384615384615385,0.47,0.48,0.48,108.73,0.010000000000000009,0.475,1,KXHIGHNY-26SEP29
KXHIGHNY-26SEP29-B69.5,2026-09-28 21:00:00+00:00,0.1794871794871795,0.47,0.48,0.48,71.04,0.010000000000000009,0.475,1,KXHIGHNY-26SEP29
KXHIGHNY-26SEP29-B69.5,2026-09-28 22:00:00+00:00,0.20512820512820512,0.49,0.5,0.49,230.02,0.010000000000000009,0.495,1,KXHIGHNY-26SEP29
KXHIGHNY-26SEP29-B69.5,2026-09-28 23:00:00+00:00,0.23076923076923078,0.45,0.46,0.45,303.16,0.010000000000000009,0.455,1,KXHIGHNY-26SEP29
KXHIGHNY-26SEP29-B69.5,2026-09-29 00:00:00+00:00,0.2564102564102564,0.45,0.46,0.46,332.64,0.010000000000000009,0.455,1,KXHIGHNY-26SEP29
KXHIGHNY-26SEP29-B69.5,2026-09-29 01:00:00+00:00,0.28205128205128205,0.44,0.45,0.45,229.34,0.010000000000000009,0.445,1,KXHIGHNY-26SEP29
KXHIGHNY-26SEP29-B69.5,2026-09-29 02:00:00+00:00,0.3076923076923077,0.44,0.45,0.45,1030.15,0.010000000000000009,0.445,1,KXHIGHNY-26SEP29
KXHIGHNY-26SEP29-B69.5,2026-09-29 03:00:00+00:00,0.3333333333333333,0.47,0.48,0.47,267.06,0.010000000000000009,0.475,1,KXHIGHNY-26SEP29
KXHIGHNY-26SEP29-B69.5,2026-09-29 04:00:00+00:00,0.358974358974359,0.47,0.51,0.5,554.34,0.040000000000000036,0.49,1,KXHIGHNY-26SEP29
KXHIGHNY-26SEP29-B69.5,2026-09-29 05:00:00+00:00,0.38461538461538464,0.5,0.52,0.5,136.49,0.020000000000000018,0.51,1,KXHIGHNY-26SEP29
KXHIGHNY-26SEP29-B69.5,2026-09-29 06:00:00+00:00,0.41025641025641024,0.52,0.54,0.53,202.25,0.020000000000000018,0.53,1,KXHIGHNY-26SEP29
KXHIGHNY-26SEP29-B69.5,2026-09-29 07:00:00+00:00,0.4358974358974359,0.52,0.54,0.54,164.46,0.020000000000000018,0.53,1,KXHIGHNY-26SEP29
KXHIGHNY-26SEP29-B69.5,2026-09-29 08:00:00+00:00,0.46153846153846156,0.5,0.52,0.51,105.36,0.020000000000000018,0.51,1,KXHIGHNY-26SEP29
KXHIGHNY-26SEP29-B69.5,2026-09-29 09:00:00+00:00,0.48717948717948717,0.53,0.54,0.54,112.67,0.010000000000000009,0.535,1,KXHIGHNY-26SEP29
KXHIGHNY-26SEP29-B69.5,2026-09-29 10:00:00+00:00,0.5128205128205128,0.55,0.56,0.55,299.35,0.010000000000000009,0.555,1,KXHIGHNY-26SEP29
KXHIGHNY-26SEP29-B69.5,2026-09-29 11:00:00+00:00,0.5384615384615384,0.57,0.58,0.58,454.87,0.010000000000000009,0.575,1,KXHIGHNY-26SEP29
KXHIGHNY-26SEP29-B69.5,2026-09-29 12:00:00+00:00,0.5641025641025641,0.53,0.54,0.54,1109.94,0.010000000000000009,0.535,1,KXHIGHNY-26SEP29
KXHIGHNY-26SEP29-B69.5,2026-09-29 13:00:00+00:00,0.5897435897435898,0.51,0.52,0.51,1421.23,0.010000000000000009,0.515,1,KXHIGHNY-26SEP29
KXHIGHNY-26SEP29-B69.5,2026-09-29 14:00:00+00:00,0.6153846153846154,0.51,0.52,0.51,503.36,0.010000000000000009,0.515,1,KXHIGHNY-26SEP29
KXHIGHNY-26SEP29-B69.5,2026-09-29 15:00:00+00:00,0.6410256410256411,0.55,0.56,0.55,1172.01,0.010000000000000009,0.555,1,KXHIGHNY-26SEP29
KXHIGHNY-26SEP29-B69.5,2026-09-29 16:00:00+00:00,0.6666666666666666,0.5,0.51,0.5,1561.78,0.010000000000000009,0.505,1,KXHIGHNY-26SEP29
KXHIGHNY-26SEP29-B69.5,2026-09-29 17:00:00+00:00,0.6923076923076923,0.57,0.61,0.61,3221.84,0.040000000000000036,0.59,1,KXHIGHNY-26SEP29
KXHIGHNY-26SEP29-B69.5,2026-09-29 18:00:00+00:00,0.717948717948718,0.82,0.83,0.82,6650.54,0.010000000000000009,0.825,1,KXHIGHNY-26SEP29
KXHIGHNY-26SEP29-B69.5,2026-09-29 19:00:00+00:00,0.7435897435897436,0.93,0.96,0.95,3528.39,0.029999999999999916,0.9450000000000001,1,KXHIGHNY-26SEP29
KXHIGHNY-26SEP29-B69.5,2026-09-29 20:00:00+00:00,0.7692307692307693,0.94,0.96,0.94,3044.57,0.020000000000000018,0.95,1,KXHIGHNY-26SEP29
KXHIGHNY-26SEP29-B69.5,2026-09-29 21:00:00+00:00,0.7948717948717948,0.98,0.99,0.99,3236.11,0.010000000000000009,0.985,1,KXHIGHNY-26SEP29
KXHIGHNY-26SEP29-B69.5,2026-09-29 22:00:00+00:00,0.8205128205128205,0.99,1.0,0.99,3086.03,0.010000000000000009,0.995,1,KXHIGHNY-26SEP29
KXHIGHNY-26SEP29-B69.5,2026-09-29 23:00:00+00:00,0.8461538461538461,0.99,1.0,0.99,16.91,0.010000000000000009,0.995,1,KXHIGHNY-26SEP29
KXHIGHNY-26SEP29-B69.5,2026-09-30 00:00:00+00:00,0.8717948717948718,0.99,1.0,0.99,1480.22,0.010000000000000009,0.995,1,KXHIGHNY-26SEP29
KXHIGHNY-26SEP29-B69.5,2026-09-30 01:00:00+00:00,0.8974358974358975,0.99,1.0,0.99,290.97,0.010000000000000009,0.995,1,KXHIGHNY-26SEP29
KXHIGHNY-26SEP29-B69.5,2026-09-30 02:00:00+00:00,0.9230769230769231,0.99,1.0,0.99,570.76,0.010000000000000009,0.995,1,KXHIGHNY-26SEP29
KXHIGHNY-26SEP29-B69.5,2026-09-30 03:00:00+00:00,0.9487179487179487,0.99,1.0,0.99,45.91,0.010000000000000009,0.995,1,KXHIGHNY-26SEP29
KXHIGHNY-26SEP29-B69.5,2026-09-30 04:00:00+00:00,0.9743589743589743,0.99,1.0,0.99,2320.76,0.010000000000000009,0.995,1,KXHIGHNY-26SEP29
KXHIGHNY-26SEP28-T64,2026-09-27 15:00:00+00:00,0.02564102564102564,0.69,0.7,0.7,538.37,0.010000000000000009,0.695,1,KXHIGHNY-26SEP28
KXHIGHNY-26SEP28-T64,2026-09-27 16:00:00+00:00,0.05128205128205128,0.7,0.71,0.7,118.93,0.010000000000000009,0.705,1,KXHIGHNY-26SEP28
KXHIGHNY-26SEP28-T64,2026-09-27 17:00:00+00:00,0.07692307692307693,0.68,0.69,0.7,5.0,0.009999999999999898,0.685,1,KXHIGHNY-26SEP28
KXHIGHNY-26SEP28-T64,2026-09-27 18:00:00+00:00,0.10256410256410256,0.74,0.75,0.74,502.2,0.010000000000000009,0.745,1,KXHIGHNY-26SEP28
KXHIGHNY-26SEP28-T64,2026-09-27 19:00:00+00:00,0.1282051282051282,0.73,0.74,0.73,372.0,0.010000000000000009,0.735,1,KXHIGHNY-26SEP28
KXHIGHNY-26SEP28-T64,2026-09-27 20:00:00+00:00,0.15384615384615385,0.74,0.76,0.76,767.34,0.020000000000000018,0.75,1,KXHIGHNY-26SEP28
KXHIGHNY-26SEP28-T64,2026-09-27 21:00:00+00:00,0.1794871794871795,0.78,0.79,0.79,141.7,0.010000000000000009,0.785,1,KXHIGHNY-26SEP28
KXHIGHNY-26SEP28-T64,2026-09-27 22:00:00+00:00,0.20512820512820512,0.82,0.84,0.84,414.48,0.020000000000000018,0.83,1,KXHIGHNY-26SEP28
KXHIGHNY-26SEP28-T64,2026-09-27 23:00:00+00:00,0.23076923076923078,0.83,0.84,0.83,220.79,0.010000000000000009,0.835,1,KXHIGHNY-26SEP28
KXHIGHNY-26SEP28-T64,2026-09-28 00:00:00+00:00,0.2564102564102564,0.82,0.83,0.83,420.73,0.010000000000000009,0.825,1,KXHIGHNY-26SEP28
KXHIGHNY-26SEP28-T64,2026-09-28 01:00:00+00:00,0.28205128205128205,0.83,0.84,0.84,107.28,0.010000000000000009,0.835,1,KXHIGHNY-26SEP28
KXHIGHNY-26SEP28-T64,2026-09-28 02:00:00+00:00,0.3076923076923077,0.79,0.8,0.78,634.8,0.010000000000000009,0.795,1,KXHIGHNY-26SEP28
KXHIGHNY-26SEP28-T64,2026-09-28 03:00:00+00:00,0.3333333333333333,0.76,0.77,0.76,266.75,0.010000000000000009,0.765,1,KXHIGHNY-26SEP28
KXHIGHNY-26SEP28-T64,2026-09-28 04:00:00+00:00,0.358974358974359,0.76,0.77,0.77,436.66,0.010000000000000009,0.765,1,KXHIGHNY-26SEP28
KXHIGHNY-26SEP28-T64,2026-09-28 05:00:00+00:00,0.38461538461538464,0.73,0.74,0.74,215.44,0.010000000000000009,0.735,1,KXHIGHNY-26SEP28
KXHIGHNY-26SEP28-T64,2026-09-28 06:00:00+00:00,0.41025641025641024,0.7,0.71,0.7,262.88,0.010000000000000009,0.705,1,KXHIGHNY-26SEP28
KXHIGHNY-26SEP28-T64,2026-09-28 07:00:00+00:00,0.4358974358974359,0.64,0.65,0.64,546.46,0.010000000000000009,0.645,1,KXHIGHNY-26SEP28
KXHIGHNY-26SEP28-T64,2026-09-28 08:00:00+00:00,0.46153846153846156,0.76,0.77,0.76,2110.25,0.010000000000000009,0.765,1,KXHIGHNY-26SEP28
KXHIGHNY-26SEP28-T64,2026-09-28 09:00:00+00:00,0.48717948717948717,0.76,0.77,0.77,133.11,0.010000000000000009,0.765,1,KXHIGHNY-26SEP28
KXHIGHNY-26SEP28-T64,2026-09-28 10:00:00+00:00,0.5128205128205128,0.8,0.82,0.8,511.37,0.019999999999999907,0.81,1,KXHIGHNY-26SEP28
KXHIGHNY-26SEP28-T64,2026-09-28 11:00:00+00:00,0.5384615384615384,0.79,0.8,0.8,398.29,0.010000000000000009,0.795,1,KXHIGHNY-26SEP28
KXHIGHNY-26SEP28-T64,2026-09-28 12:00:00+00:00,0.5641025641025641,0.82,0.85,0.84,980.54,0.030000000000000027,0.835,1,KXHIGHNY-26SEP28
KXHIGHNY-26SEP28-T64,2026-09-28 13:00:00+00:00,0.5897435897435898,0.8,0.81,0.8,3102.16,0.010000000000000009,0.805,1,KXHIGHNY-26SEP28
KXHIGHNY-26SEP28-T64,2026-09-28 14:00:00+00:00,0.6153846153846154,0.75,0.76,0.75,1858.82,0.010000000000000009,0.755,1,KXHIGHNY-26SEP28
KXHIGHNY-26SEP28-T64,2026-09-28 15:00:00+00:00,0.6410256410256411,0.88,0.89,0.88,2442.8,0.010000000000000009,0.885,1,KXHIGHNY-26SEP28
KXHIGHNY-26SEP28-T64,2026-09-28 16:00:00+00:00,0.6666666666666666,0.89,0.9,0.9,1539.32,0.010000000000000009,0.895,1,KXHIGHNY-26SEP28
KXHIGHNY-26SEP28-T64,2026-09-28 17:00:00+00:00,0.6923076923076923,0.87,0.89,0.89,1940.04,0.020000000000000018,0.88,1,KXHIGHNY-26SEP28
KXHIGHNY-26SEP28-T64,2026-09-28 18:00:00+00:00,0.717948717948718,0.97,0.98,0.98,3294.76,0.010000000000000009,0.975,1,KXHIGHNY-26SEP28
KXHIGHNY-26SEP28-T64,2026-09-28 19:00:00+00:00,0.7435897435897436,0.94,0.96,0.94,1985.08,0.020000000000000018,0.95,1,KXHIGHNY-26SEP28
KXHIGHNY-26SEP28-T64,2026-09-28 20:00:00+00:00,0.7692307692307693,0.96,0.98,0.97,4074.43,0.020000000000000018,0.97,1,KXHIGHNY-26SEP28
KXHIGHNY-26SEP28-T64,2026-09-28 21:00:00+00:00,0.7948717948717948,0.96,0.98,0.98,4548.99,0.020000000000000018,0.97,1,KXHIGHNY-26SEP28
KXHIGHNY-26SEP28-T64,2026-09-28 22:00:00+00:00,0.8205128205128205,0.95,0.97,0.94,1377.84,0.020000000000000018,0.96,1,KXHIGHNY-26SEP28
KXHIGHNY-26SEP28-T64,2026-09-28 23:00:00+00:00,0.8461538461538461,0.97,0.98,0.98,363.29,0.010000000000000009,0.975,1,KXHIGHNY-26SEP28
KXHIGHNY-26SEP28-T64,2026-09-29 00:00:00+00:00,0.8717948717948718,0.97,0.98,0.98,1326.5,0.010000000000000009,0.975,1,KXHIGHNY-26SEP28
KXHIGHNY-26SEP28-T64,2026-09-29 01:00:00+00:00,0.8974358974358975,0.98,1.0,0.98,1985.16,0.020000000000000018,0.99,1,KXHIGHNY-26SEP28
KXHIGHNY-26SEP28-T64,2026-09-29 02:00:00+00:00,0.9230769230769231,0.99,1.0,0.99,602.31,0.010000000000000009,0.995,1,KXHIGHNY-26SEP28
KXHIGHNY-26SEP28-T64,2026-09-29 03:00:00+00:00,0.9487179487179487,0.99,1.0,0.99,1483.22,0.010000000000000009,0.995,1,KXHIGHNY-26SEP28
KXHIGHNY-26SEP28-T64,2026-09-29 04:00:00+00:00,0.9743589743589743,0.99,1.0,0.99,305.44,0.010000000000000009,0.995,1,KXHIGHNY-26SEP28
KXHIGHNY-26SEP28-T64,2026-09-29 05:00:00+00:00,1.0,0.99,1.0,0.99,25.62,0.010000000000000009,0.995,1,KXHIGHNY-26SEP28
KXHIGHNY-26SEP27-T65,2026-09-26 15:00:00+00:00,0.02564102564102564,0.63,0.64,0.65,347.49,0.010000000000000009,0.635,1,KXHIGHNY-26SEP27
KXHIGHNY-26SEP27-T65,2026-09-26 16:00:00+00:00,0.05128205128205128,0.66,0.68,0.67,197.66,0.020000000000000018,0.67,1,KXHIGHNY-26SEP27
KXHIGHNY-26SEP27-T65,2026-09-26 17:00:00+00:00,0.07692307692307693,0.67,0.68,0.67,16.38,0.010000000000000009,0.675,1,KXHIGHNY-26SEP27
KXHIGHNY-26SEP27-T65,2026-09-26 18:00:00+00:00,0.10256410256410256,0.67,0.69,0.68,74.0,0.019999999999999907,0.6799999999999999,1,KXHIGHNY-26SEP27
KXHIGHNY-26SEP27-T65,2026-09-26 19:00:00+00:00,0.1282051282051282,0.63,0.64,0.64,407.78,0.010000000000000009,0.635,1,KXHIGHNY-26SEP27
KXHIGHNY-26SEP27-T65,2026-09-26 20:00:00+00:00,0.15384615384615385,0.63,0.64,0.63,189.69,0.010000000000000009,0.635,1,KXHIGHNY-26SEP27
KXHIGHNY-26SEP27-T65,2026-09-26 21:00:00+00:00,0.1794871794871795,0.61,0.62,0.62,430.27,0.010000000000000009,0.615,1,KXHIGHNY-26SEP27
KXHIGHNY-26SEP27-T65,2026-09-26 22:00:00+00:00,0.20512820512820512,0.61,0.62,0.61,101.99,0.010000000000000009,0.615,1,KXHIGHNY-26SEP27
KXHIGHNY-26SEP27-T65,2026-09-26 23:00:00+00:00,0.23076923076923078,0.6,0.61,0.61,686.81,0.010000000000000009,0.605,1,KXHIGHNY-26SEP27
KXHIGHNY-26SEP27-T65,2026-09-27 00:00:00+00:00,0.2564102564102564,0.6,0.61,0.61,173.44,0.010000000000000009,0.605,1,KXHIGHNY-26SEP27
KXHIGHNY-26SEP27-T65,2026-09-27 01:00:00+00:00,0.28205128205128205,0.58,0.59,0.58,224.64,0.010000000000000009,0.585,1,KXHIGHNY-26SEP27
KXHIGHNY-26SEP27-T65,2026-09-27 02:00:00+00:00,0.3076923076923077,0.54,0.55,0.54,460.87,0.010000000000000009,0.545,1,KXHIGHNY-26SEP27
KXHIGHNY-26SEP27-T65,2026-09-27 03:00:00+00:00,0.3333333333333333,0.49,0.5,0.5,363.36,0.010000000000000009,0.495,1,KXHIGHNY-26SEP27
KXHIGHNY-26SEP27-T65,2026-09-27 04:00:00+00:00,0.358974358974359,0.49,0.5,0.5,212.81,0.010000000000000009,0.495,1,KXHIGHNY-26SEP27
KXHIGHNY-26SEP27-T65,2026-09-27 05:00:00+00:00,0.38461538461538464,0.45,0.46,0.45,51.48,0.010000000000000009,0.455,1,KXHIGHNY-26SEP27
KXHIGHNY-26SEP27-T65,2026-09-27 06:00:00+00:00,0.41025641025641024,0.46,0.47,0.47,65.5,0.009999999999999953,0.46499999999999997,1,KXHIGHNY-26SEP27
KXHIGHNY-26SEP27-T65,2026-09-27 07:00:00+00:00,0.4358974358974359,0.41,0.42,0.42,612.64,0.010000000000000009,0.415,1,KXHIGHNY-26SEP27
KXHIGHNY-26SEP27-T65,2026-09-27 08:00:00+00:00,0.46153846153846156,0.37,0.4,0.4,153.83,0.030000000000000027,0.385,1,KXHIGHNY-26SEP27
KXHIGHNY-26SEP27-T65,2026-09-27 09:00:00+00:00,0.48717948717948717,0.39,0.4,0.4,124.53,0.010000000000000009,0.395,1,KXHIGHNY-26SEP27
KXHIGHNY-26SEP27-T65,2026-09-27 10:00:00+00:00,0.5128205128205128,0.37,0.38,0.37,401.39,0.010000000000000009,0.375,1,KXHIGHNY-26SEP27
KXHIGHNY-26SEP27-T65,2026-09-27 11:00:00+00:00,0.5384615384615384,0.37,0.38,0.37,151.7,0.010000000000000009,0.375,1,KXHIGHNY-26SEP27
KXHIGHNY-26SEP27-T65,2026-09-27 12:00:00+00:00,0.5641025641025641,0.31,0.32,0.32,256.69,0.010000000000000009,0.315,1,KXHIGHNY-26SEP27
KXHIGHNY-26SEP27-T65,2026-09-27 13:00:00+00:00,0.5897435897435898,0.47,0.49,0.53,1465.78,0.020000000000000018,0.48,1,KXHIGHNY-26SEP27
KXHIGHNY-26SEP27-T65,2026-09-27 14:00:00+00:00,0.6153846153846154,0.42,0.44,0.42,928.4,0.020000000000000018,0.43,1,KXHIGHNY-26SEP27
KXHIGHNY-26SEP27-T65,2026-09-27 15:00:00+00:00,0.6410256410256411,0.44,0.45,0.44,1411.42,0.010000000000000009,0.445,1,KXHIGHNY-26SEP27
KXHIGHNY-26SEP27-T65,2026-09-27 16:00:00+00:00,0.6666666666666666,0.46,0.49,0.45,2928.54,0.02999999999999997,0.475,1,KXHIGHNY-26SEP27
KXHIGHNY-26SEP27-T65,2026-09-27 17:00:00+00:00,0.6923076923076923,0.42,0.46,0.45,1347.1,0.040000000000000036,0.44,1,KXHIGHNY-26SEP27
KXHIGHNY-26SEP27-T65,2026-09-27 18:00:00+00:00,0.717948717948718,0.69,0.71,0.71,6856.75,0.020000000000000018,0.7,1,KXHIGHNY-26SEP27
KXHIGHNY-26SEP27-T65,2026-09-27 19:00:00+00:00,0.7435897435897436,0.82,0.83,0.82,3826.59,0.010000000000000009,0.825,1,KXHIGHNY-26SEP27
KXHIGHNY-26SEP27-T65,2026-09-27 20:00:00+00:00,0.7692307692307693,0.97,0.99,0.97,4634.1,0.020000000000000018,0.98,1,KXHIGHNY-26SEP27
KXHIGHNY-26SEP27-T65,2026-09-27 21:00:00+00:00,0.7948717948717948,0.98,0.99,0.98,1306.43,0.010000000000000009,0.985,1,KXHIGHNY-26SEP27
KXHIGHNY-26SEP27-T65,2026-09-27 22:00:00+00:00,0.8205128205128205,0.98,0.99,0.99,960.89,0.010000000000000009,0.985,1,KXHIGHNY-26SEP27
KXHIGHNY-26SEP27-T65,2026-09-27 23:00:00+00:00,0.8461538461538461,0.95,0.98,0.95,766.0,0.030000000000000027,0.965,1,KXHIGHNY-26SEP27
KXHIGHNY-26SEP27-T65,2026-09-28 00:00:00+00:00,0.8717948717948718,0.94,0.96,0.96,3651.03,0.020000000000000018,0.95,1,KXHIGHNY-26SEP27
KXHIGHNY-26SEP27-T65,2026-09-28 01:00:00+00:00,0.8974358974358975,0.98,1.0,0.98,1347.72,0.020000000000000018,0.99,1,KXHIGHNY-26SEP27
KXHIGHNY-26SEP27-T65,2026-09-28 02:00:00+00:00,0.9230769230769231,0.98,1.0,0.98,207.08,0.020000000000000018,0.99,1,KXHIGHNY-26SEP27
KXHIGHNY-26SEP27-T65,2026-09-28 03:00:00+00:00,0.9487179487179487,0.98,1.0,0.99,879.56,0.020000000000000018,0.99,1,KXHIGHNY-26SEP27
KXHIGHNY-26SEP27-T65,2026-09-28 04:00:00+00:00,0.9743589743589743,0.99,1.0,0.99,1560.89,0.010000000000000009,0.995,1,KXHIGHNY-26SEP27
KXHIGHNY-26SEP27-T65,2026-09-28 05:00:00+00:00,1.0,0.98,0.99,0.99,5396.04,0.010000000000000009,0.985,1,KXHIGHNY-26SEP27
KXHIGHNY-26SEP26-T62,2026-09-25 15:00:00+00:00,0.02564102564102564,0.49,0.5,0.49,712.92,0.010000000000000009,0.495,1,KXHIGHNY-26SEP26
KXHIGHNY-26SEP26-T62,2026-09-25 16:00:00+00:00,0.05128205128205128,0.55,0.56,0.55,95.37,0.010000000000000009,0.555,1,KXHIGHNY-26SEP26
KXHIGHNY-26SEP26-T62,2026-09-25 17:00:00+00:00,0.07692307692307693,0.61,0.62,0.63,172.43,0.010000000000000009,0.615,1,KXHIGHNY-26SEP26
KXHIGHNY-26SEP26-T62,2026-09-25 18:00:00+00:00,0.10256410256410256,0.65,0.66,0.66,1082.56,0.010000000000000009,0.655,1,KXHIGHNY-26SEP26
KXHIGHNY-26SEP26-T62,2026-09-25 19:00:00+00:00,0.1282051282051282,0.64,0.65,0.64,184.78,0.010000000000000009,0.645,1,KXHIGHNY-26SEP26
KXHIGHNY-26SEP26-T62,2026-09-25 20:00:00+00:00,0.15384615384615385,0.63,0.65,0.64,314.34,0.020000000000000018,0.64,1,KXHIGHNY-26SEP26
KXHIGHNY-26SEP26-T62,2026-09-25 21:00:00+00:00,0.1794871794871795,0.58,0.59,0.59,485.63,0.010000000000000009,0.585,1,KXHIGHNY-26SEP26
KXHIGHNY-26SEP26-T62,2026-09-25 22:00:00+00:00,0.20512820512820512,0.55,0.56,0.56,404.96,0.010000000000000009,0.555,1,KXHIGHNY-26SEP26
KXHIGHNY-26SEP26-T62,2026-09-25 23:00:00+00:00,0.23076923076923078,0.54,0.55,0.55,321.7,0.010000000000000009,0.545,1,KXHIGHNY-26SEP26
KXHIGHNY-26SEP26-T62,2026-09-26 00:00:00+00:00,0.2564102564102564,0.45,0.46,0.46,439.49,0.010000000000000009,0.455,1,KXHIGHNY-26SEP26
KXHIGHNY-26SEP26-T62,2026-09-26 01:00:00+00:00,0.28205128205128205,0.43,0.44,0.44,1395.25,0.010000000000000009,0.435,1,KXHIGHNY-26SEP26
KXHIGHNY-26SEP26-T62,2026-09-26 02:00:00+00:00,0.3076923076923077,0.46,0.47,0.46,692.98,0.009999999999999953,0.46499999999999997,1,KXHIGHNY-26SEP26
KXHIGHNY-26SEP26-T62,2026-09-26 03:00:00+00:00,0.3333333333333333,0.68,0.69,0.67,3261.11,0.009999999999999898,0.685,1,KXHIGHNY-26SEP26
KXHIGHNY-26SEP26-T62,2026-09-26 04:00:00+00:00,0.358974358974359,0.76,0.77,0.75,1451.74,0.010000000000000009,0.765,1,KXHIGHNY-26SEP26
KXHIGHNY-26SEP26-T62,2026-09-26 05:00:00+00:00,0.38461538461538464,0.74,0.75,0.75,961.08,0.010000000000000009,0.745,1,KXHIGHNY-26SEP26
KXHIGHNY-26SEP26-T62,2026-09-26 06:00:00+00:00,0.41025641025641024,0.75,0.76,0.75,1523.31,0.010000000000000009,0.755,1,KXHIGHNY-26SEP26
KXHIGHNY-26SEP26-T62,2026-09-26 07:00:00+00:00,0.4358974358974359,0.76,0.79,0.76,680.06,0.030000000000000027,0.775,1,KXHIGHNY-26SEP26
KXHIGHNY-26SEP26-T62,2026-09-26 08:00:00+00:00,0.46153846153846156,0.75,0.76,0.76,747.42,0.010000000000000009,0.755,1,KXHIGHNY-26SEP26
KXHIGHNY-26SEP26-T62,2026-09-26 09:00:00+00:00,0.48717948717948717,0.7,0.71,0.71,94.93,0.010000000000000009,0.705,1,KXHIGHNY-26SEP26
KXHIGHNY-26SEP26-T62,2026-09-26 10:00:00+00:00,0.5128205128205128,0.72,0.75,0.75,260.34,0.030000000000000027,0.735,1,KXHIGHNY-26SEP26
KXHIGHNY-26SEP26-T62,2026-09-26 11:00:00+00:00,0.5384615384615384,0.75,0.76,0.77,781.53,0.010000000000000009,0.755,1,KXHIGHNY-26SEP26
KXHIGHNY-26SEP26-T62,2026-09-26 12:00:00+00:00,0.5641025641025641,0.73,0.75,0.73,574.98,0.020000000000000018,0.74,1,KXHIGHNY-26SEP26
KXHIGHNY-26SEP26-T62,2026-09-26 13:00:00+00:00,0.5897435897435898,0.82,0.83,0.84,2448.41,0.010000000000000009,0.825,1,KXHIGHNY-26SEP26
KXHIGHNY-26SEP26-T62,2026-09-26 14:00:00+00:00,0.6153846153846154,0.88,0.9,0.88,1847.69,0.020000000000000018,0.89,1,KXHIGHNY-26SEP26
KXHIGHNY-26SEP26-T62,2026-09-26 15:00:00+00:00,0.6410256410256411,0.89,0.9,0.9,1399.21,0.010000000000000009,0.895,1,KXHIGHNY-26SEP26
KXHIGHNY-26SEP26-T62,2026-09-26 16:00:00+00:00,0.6666666666666666,0.78,0.8,0.8,2312.26,0.020000000000000018,0.79,1,KXHIGHNY-26SEP26
KXHIGHNY-26SEP26-T62,2026-09-26 17:00:00+00:00,0.6923076923076923,0.61,0.63,0.61,1912.51,0.020000000000000018,0.62,1,KXHIGHNY-26SEP26
KXHIGHNY-26SEP26-T62,2026-09-26 18:00:00+00:00,0.717948717948718,0.32,0.35,0.32,4721.09,0.02999999999999997,0.33499999999999996,1,KXHIGHNY-26SEP26
KXHIGHNY-26SEP26-T62,2026-09-26 19:00:00+00:00,0.7435897435897436,0.66,0.68,0.66,4182.43,0.020000000000000018,0.67,1,KXHIGHNY-26SEP26
KXHIGHNY-26SEP26-T62,2026-09-26 20:00:00+00:00,0.7692307692307693,0.76,0.79,0.77,3474.62,0.030000000000000027,0.775,1,KXHIGHNY-26SEP26
KXHIGHNY-26SEP26-T62,2026-09-26 21:00:00+00:00,0.7948717948717948,0.9,0.92,0.91,6072.39,0.020000000000000018,0.91,1,KXHIGHNY-26SEP26
KXHIGHNY-26SEP26-T62,2026-09-26 22:00:00+00:00,0.8205128205128205,0.92,0.96,0.95,3245.22,0.039999999999999925,0.94,1,KXHIGHNY-26SEP26
KXHIGHNY-26SEP26-T62,2026-09-26 23:00:00+00:00,0.8461538461538461,0.97,0.99,0.96,4316.07,0.020000000000000018,0.98,1,KXHIGHNY-26SEP26
KXHIGHNY-26SEP26-T62,2026-09-27 00:00:00+00:00,0.8717948717948718,0.96,0.97,0.98,2314.7,0.010000000000000009,0.965,1,KXHIGHNY-26SEP26
KXHIGHNY-26SEP26-T62,2026-09-27 01:00:00+00:00,0.8974358974358975,0.91,0.93,0.91,1242.17,0.020000000000000018,0.92,1,KXHIGHNY-26SEP26
KXHIGHNY-26SEP26-T62,2026-09-27 02:00:00+00:00,0.9230769230769231,0.94,0.97,0.97,2806.59,0.030000000000000027,0.955,1,KXHIGHNY-26SEP26
KXHIGHNY-26SEP26-T62,2026-09-27 03:00:00+00:00,0.9487179487179487,0.96,0.99,0.99,3113.9,0.030000000000000027,0.975,1,KXHIGHNY-26SEP26
KXHIGHNY-26SEP26-T62,2026-09-27 04:00:00+00:00,0.9743589743589743,0.97,0.99,0.99,2230.09,0.020000000000000018,0.98,1,KXHIGHNY-26SEP26
KXHIGHNY-26SEP26-T62,2026-09-27 05:00:00+00:00,1.0,0.99,1.0,0.99,2195.74,0.010000000000000009,0.995,1,KXHIGHNY-26SEP26
KXHIGHNY-26SEP25-B71.5,2026-09-24 15:00:00+00:00,0.02564102564102564,0.3,0.31,0.32,458.31,0.010000000000000009,0.305,0,KXHIGHNY-26SEP25
KXHIGHNY-26SEP25-B71.5,2026-09-24 16:00:00+00:00,0.05128205128205128,0.31,0.32,0.33,326.0,0.010000000000000009,0.315,0,KXHIGHNY-26SEP25
KXHIGHNY-26SEP25-B71.5,2026-09-24 17:00:00+00:00,0.07692307692307693,0.31,0.32,0.32,18.96,0.010000000000000009,0.315,0,KXHIGHNY-26SEP25
KXHIGHNY-26SEP25-B71.5,2026-09-24 18:00:00+00:00,0.10256410256410256,0.33,0.34,0.34,65.06,0.010000000000000009,0.335,0,KXHIGHNY-26SEP25
KXHIGHNY-26SEP25-B71.5,2026-09-24 19:00:00+00:00,0.1282051282051282,0.31,0.32,0.32,77.74,0.010000000000000009,0.315,0,KXHIGHNY-26SEP25
KXHIGHNY-26SEP25-B71.5,2026-09-24 20:00:00+00:00,0.15384615384615385,0.34,0.35,0.33,77.41,0.009999999999999953,0.345,0,KXHIGHNY-26SEP25
KXHIGHNY-26SEP25-B71.5,2026-09-24 21:00:00+00:00,0.1794871794871795,0.38,0.39,0.38,141.53,0.010000000000000009,0.385,0,KXHIGHNY-26SEP25
KXHIGHNY-26SEP25-B71.5,2026-09-24 22:00:00+00:00,0.20512820512820512,0.4,0.41,0.41,478.37,0.009999999999999953,0.405,0,KXHIGHNY-26SEP25
KXHIGHNY-26SEP25-B71.5,2026-09-24 23:00:00+00:00,0.23076923076923078,0.41,0.42,0.41,125.84,0.010000000000000009,0.415,0,KXHIGHNY-26SEP25
KXHIGHNY-26SEP25-B71.5,2026-09-25 00:00:00+00:00,0.2564102564102564,0.41,0.42,0.42,176.48,0.010000000000000009,0.415,0,KXHIGHNY-26SEP25
KXHIGHNY-26SEP25-B71.5,2026-09-25 01:00:00+00:00,0.28205128205128205,0.43,0.44,0.43,454.34,0.010000000000000009,0.435,0,KXHIGHNY-26SEP25
KXHIGHNY-26SEP25-B71.5,2026-09-25 02:00:00+00:00,0.3076923076923077,0.48,0.49,0.49,518.26,0.010000000000000009,0.485,0,KXHIGHNY-26SEP25
KXHIGHNY-26SEP25-B71.5,2026-09-25 03:00:00+00:00,0.3333333333333333,0.49,0.5,0.49,101.06,0.010000000000000009,0.495,0,KXHIGHNY-26SEP25
KXHIGHNY-26SEP25-B71.5,2026-09-25 04:00:00+00:00,0.358974358974359,0.49,0.5,0.5,209.31,0.010000000000000009,0.495,0,KXHIGHNY-26SEP25
KXHIGHNY-26SEP25-B71.5,2026-09-25 05:00:00+00:00,0.38461538461538464,0.48,0.49,0.48,360.14,0.010000000000000009,0.485,0,KXHIGHNY-26SEP25
KXHIGHNY-26SEP25-B71.5,2026-09-25 06:00:00+00:00,0.41025641025641024,0.49,0.5,0.49,76.78,0.010000000000000009,0.495,0,KXHIGHNY-26SEP25
KXHIGHNY-26SEP25-B71.5,2026-09-25 07:00:00+00:00,0.4358974358974359,0.43,0.44,0.43,1592.09,0.010000000000000009,0.435,0,KXHIGHNY-26SEP25
KXHIGHNY-26SEP25-B71.5,2026-09-25 08:00:00+00:00,0.46153846153846156,0.33,0.34,0.34,1027.19,0.010000000000000009,0.335,0,KXHIGHNY-26SEP25
KXHIGHNY-26SEP25-B71.5,2026-09-25 09:00:00+00:00,0.48717948717948717,0.23,0.26,0.27,319.37,0.03,0.245,0,KXHIGHNY-26SEP25
KXHIGHNY-26SEP25-B71.5,2026-09-25 10:00:00+00:00,0.5128205128205128,0.17,0.18,0.18,919.71,0.009999999999999981,0.175,0,KXHIGHNY-26SEP25
KXHIGHNY-26SEP25-B71.5,2026-09-25 11:00:00+00:00,0.5384615384615384,0.28,0.29,0.31,1182.68,0.009999999999999953,0.28500000000000003,0,KXHIGHNY-26SEP25
KXHIGHNY-26SEP25-B71.5,2026-09-25 12:00:00+00:00,0.5641025641025641,0.19,0.2,0.2,711.44,0.010000000000000009,0.195,0,KXHIGHNY-26SEP25
KXHIGHNY-26SEP25-B71.5,2026-09-25 13:00:00+00:00,0.5897435897435898,0.3,0.32,0.32,1209.91,0.020000000000000018,0.31,0,KXHIGHNY-26SEP25
KXHIGHNY-26SEP25-B71.5,2026-09-25 14:00:00+00:00,0.6153846153846154,0.28,0.3,0.29,1345.55,0.019999999999999962,0.29000000000000004,0,KXHIGHNY-26SEP25
KXHIGHNY-26SEP25-B71.5,2026-09-25 15:00:00+00:00,0.6410256410256411,0.31,0.32,0.31,1183.1,0.010000000000000009,0.315,0,KXHIGHNY-26SEP25
KXHIGHNY-26SEP25-B71.5,2026-09-25 16:00:00+00:00,0.6666666666666666,0.25,0.26,0.26,744.37,0.010000000000000009,0.255,0,KXHIGHNY-26SEP25
KXHIGHNY-26SEP25-B71.5,2026-09-25 17:00:00+00:00,0.6923076923076923,0.2,0.21,0.21,2366.04,0.009999999999999981,0.20500000000000002,0,KXHIGHNY-26SEP25
KXHIGHNY-26SEP25-B71.5,2026-09-25 18:00:00+00:00,0.717948717948718,0.1,0.11,0.1,5234.09,0.009999999999999995,0.10500000000000001,0,KXHIGHNY-26SEP25
KXHIGHNY-26SEP25-B71.5,2026-09-25 19:00:00+00:00,0.7435897435897436,0.04,0.05,0.05,5455.53,0.010000000000000002,0.045,0,KXHIGHNY-26SEP25
KXHIGHNY-26SEP25-B71.5,2026-09-25 20:00:00+00:00,0.7692307692307693,0.02,0.04,0.04,4519.17,0.02,0.03,0,KXHIGHNY-26SEP25
KXHIGHNY-26SEP25-B71.5,2026-09-25 21:00:00+00:00,0.7948717948717948,0.0,0.01,0.01,8392.09,0.01,0.005,0,KXHIGHNY-26SEP25
KXHIGHNY-26SEP25-B71.5,2026-09-25 22:00:00+00:00,0.8205128205128205,0.0,0.01,0.01,1170.73,0.01,0.005,0,KXHIGHNY-26SEP25
KXHIGHNY-26SEP25-B71.5,2026-09-25 23:00:00+00:00,0.8461538461538461,0.0,0.01,,0.0,0.01,0.005,0,KXHIGHNY-26SEP25
KXHIGHNY-26SEP25-B71.5,2026-09-26 00:00:00+00:00,0.8717948717948718,0.0,0.01,0.01,3.5,0.01,0.005,0,KXHIGHNY-26SEP25
KXHIGHNY-26SEP25-B71.5,2026-09-26 01:00:00+00:00,0.8974358974358975,0.0,0.01,0.01,16874.25,0.01,0.005,0,KXHIGHNY-26SEP25
KXHIGHNY-26SEP25-B71.5,2026-09-26 02:00:00+00:00,0.9230769230769231,0.0,0.01,0.01,169.51,0.01,0.005,0,KXHIGHNY-26SEP25
KXHIGHNY-26SEP25-B71.5,2026-09-26 03:00:00+00:00,0.9487179487179487,0.0,0.01,0.01,1.0,0.01,0.005,0,KXHIGHNY-26SEP25
KXHIGHNY-26SEP25-B71.5,2026-09-26 04:00:00+00:00,0.9743589743589743,0.0,0.01,0.01,269.51,0.01,0.005,0,KXHIGHNY-26SEP25
KXHIGHNY-26SEP25-B71.5,2026-09-26 05:00:00+00:00,1.0,0.0,0.01,0.01,50.0,0.01,0.005,0,KXHIGHNY-26SEP25
KXHIGHNY-26SEP24-B68.5,2026-09-23 15:00:00+00:00,0.02564102564102564,0.36,0.38,0.37,215.99,0.020000000000000018,0.37,0,KXHIGHNY-26SEP24
KXHIGHNY-26SEP24-B68.5,2026-09-23 16:00:00+00:00,0.05128205128205128,0.33,0.34,0.34,35.81,0.010000000000000009,0.335,0,KXHIGHNY-26SEP24
KXHIGHNY-26SEP24-B68.5,2026-09-23 17:00:00+00:00,0.07692307692307693,0.31,0.32,0.33,2.4,0.010000000000000009,0.315,0,KXHIGHNY-26SEP24
KXHIGHNY-26SEP24-B68.5,2026-09-23 18:00:00+00:00,0.10256410256410256,0.31,0.33,0.34,117.22,0.020000000000000018,0.32,0,KXHIGHNY-26SEP24
KXHIGHNY-26SEP24-B68.5,2026-09-23 19:00:00+00:00,0.1282051282051282,0.3,0.31,0.31,1.14,0.010000000000000009,0.305,0,KXHIGHNY-26SEP24
KXHIGHNY-26SEP24-B68.5,2026-09-23 20:00:00+00:00,0.15384615384615385,0.3,0.31,0.31,120.92,0.010000000000000009,0.305,0,KXHIGHNY-26SEP24
KXHIGHNY-26SEP24-B68.5,2026-09-23 21:00:00+00:00,0.1794871794871795,0.3,0.31,0.3,2.0,0.010000000000000009,0.305,0,KXHIGHNY-26SEP24
KXHIGHNY-26SEP24-B68.5,2026-09-23 22:00:00+00:00,0.20512820512820512,0.31,0.33,0.32,157.3,0.020000000000000018,0.32,0,KXHIGHNY-26SEP24
KXHIGHNY-26SEP24-B68.5,2026-09-23 23:00:00+00:00,0.23076923076923078,0.31,0.32,0.3,36.0,0.010000000000000009,0.315,0,KXHIGHNY-26SEP24
KXHIGHNY-26SEP24-B68.5,2026-09-24 00:00:00+00:00,0.2564102564102564,0.35,0.36,0.36,300.67,0.010000000000000009,0.355,0,KXHIGHNY-26SEP24
KXHIGHNY-26SEP24-B68.5,2026-09-24 01:00:00+00:00,0.28205128205128205,0.34,0.36,0.36,29.25,0.019999999999999962,0.35,0,KXHIGHNY-26SEP24
KXHIGHNY-26SEP24-B68.5,2026-09-24 02:00:00+00:00,0.3076923076923077,0.32,0.33,0.34,181.27,0.010000000000000009,0.325,0,KXHIGHNY-26SEP24
KXHIGHNY-26SEP24-B68.5,2026-09-24 03:00:00+00:00,0.3333333333333333,0.32,0.33,0.33,12.0,0.010000000000000009,0.325,0,KXHIGHNY-26SEP24
KXHIGHNY-26SEP24-B68.5,2026-09-24 04:00:00+00:00,0.358974358974359,0.32,0.33,0.32,81.31,0.010000000000000009,0.325,0,KXHIGHNY-26SEP24
KXHIGHNY-26SEP24-B68.5,2026-09-24 05:00:00+00:00,0.38461538461538464,0.3,0.31,0.31,108.65,0.010000000000000009,0.305,0,KXHIGHNY-26SEP24
KXHIGHNY-26SEP24-B68.5,2026-09-24 06:00:00+00:00,0.41025641025641024,0.18,0.2,0.2,413.68,0.020000000000000018,0.19,0,KXHIGHNY-26SEP24
KXHIGHNY-26SEP24-B68.5,2026-09-24 07:00:00+00:00,0.4358974358974359,0.11,0.12,0.12,1104.83,0.009999999999999995,0.11499999999999999,0,KXHIGHNY-26SEP24
KXHIGHNY-26SEP24-B68.5,2026-09-24 08:00:00+00:00,0.46153846153846156,0.11,0.17,,0.0,0.06000000000000001,0.14,0,KXHIGHNY-26SEP24
KXHIGHNY-26SEP24-B68.5,2026-09-24 09:00:00+00:00,0.48717948717948717,0.11,0.17,,0.0,0.06000000000000001,0.14,0,KXHIGHNY-26SEP24
KXHIGHNY-26SEP24-B68.5,2026-09-24 10:00:00+00:00,0.5128205128205128,0.13,0.14,0.14,67.86,0.010000000000000009,0.135,0,KXHIGHNY-26SEP24
KXHIGHNY-26SEP24-B68.5,2026-09-24 11:00:00+00:00,0.5384615384615384,0.17,0.18,0.19,1494.16,0.009999999999999981,0.175,0,KXHIGHNY-26SEP24
KXHIGHNY-26SEP24-B68.5,2026-09-24 12:00:00+00:00,0.5641025641025641,0.2,0.21,0.18,415.1,0.009999999999999981,0.20500000000000002,0,KXHIGHNY-26SEP24
KXHIGHNY-26SEP24-B68.5,2026-09-24 13:00:00+00:00,0.5897435897435898,0.2,0.21,0.21,1749.65,0.009999999999999981,0.20500000000000002,0,KXHIGHNY-26SEP24
KXHIGHNY-26SEP24-B68.5,2026-09-24 14:00:00+00:00,0.6153846153846154,0.24,0.25,0.26,1153.69,0.010000000000000009,0.245,0,KXHIGHNY-26SEP24
KXHIGHNY-26SEP24-B68.5,2026-09-24 15:00:00+00:00,0.6410256410256411,0.23,0.24,0.24,983.06,0.009999999999999981,0.235,0,KXHIGHNY-26SEP24
KXHIGHNY-26SEP24-B68.5,2026-09-24 16:00:00+00:00,0.6666666666666666,0.08,0.09,0.09,2072.15,0.009999999999999995,0.08499999999999999,0,KXHIGHNY-26SEP24
KXHIGHNY-26SEP24-B68.5,2026-09-24 17:00:00+00:00,0.6923076923076923,0.06,0.07,0.07,2541.1,0.010000000000000009,0.065,0,KXHIGHNY-26SEP24
KXHIGHNY-26SEP24-B68.5,2026-09-24 18:00:00+00:00,0.717948717948718,0.05,0.06,0.07,1641.26,0.009999999999999995,0.055,0,KXHIGHNY-26SEP24
KXHIGHNY-26SEP24-B68.5,2026-09-24 19:00:00+00:00,0.7435897435897436,0.04,0.06,0.06,1755.88,0.019999999999999997,0.05,0,KXHIGHNY-26SEP24
KXHIGHNY-26SEP24-B68.5,2026-09-24 20:00:00+00:00,0.7692307692307693,0.12,0.13,0.12,2987.49,0.010000000000000009,0.125,0,KXHIGHNY-26SEP24
KXHIGHNY-26SEP24-B68.5,2026-09-24 21:00:00+00:00,0.7948717948717948,0.02,0.03,0.03,6440.59,0.009999999999999998,0.025,0,KXHIGHNY-26SEP24
KXHIGHNY-26SEP24-B68.5,2026-09-24 22:00:00+00:00,0.8205128205128205,0.0,0.01,0.01,2185.08,0.01,0.005,0,KXHIGHNY-26SEP24
KXHIGHNY-26SEP24-B68.5,2026-09-24 23:00:00+00:00,0.8461538461538461,0.0,0.01,0.01,2194.37,0.01,0.005,0,KXHIGHNY-26SEP24
KXHIGHNY-26SEP24-B68.5,2026-09-25 00:00:00+00:00,0.8717948717948718,0.0,0.01,0.01,2449.23,0.01,0.005,0,KXHIGHNY-26SEP24
KXHIGHNY-26SEP24-B68.5,2026-09-25 01:00:00+00:00,0.8974358974358975,0.0,0.01,0.01,3041.69,0.01,0.005,0,KXHIGHNY-26SEP24
KXHIGHNY-26SEP24-B68.5,2026-09-25 02:00:00+00:00,0.9230769230769231,0.0,0.01,0.01,2723.64,0.01,0.005,0,KXHIGHNY-26SEP24
KXHIGHNY-26SEP24-B68.5,2026-09-25 03:00:00+00:00,0.9487179487179487,0.0,0.01,0.01,560.51,0.01,0.005,0,KXHIGHNY-26SEP24
KXHIGHNY-26SEP24-B68.5,2026-09-25 04:00:00+00:00,0.9743589743589743,0.0,0.01,0.01,5619.42,0.01,0.005,0,KXHIGHNY-26SEP24
KXHIGHNY-26SEP24-B68.5,2026-09-25 05:00:00+00:00,1.0,0.0,0.01,0.01,97.0,0.01,0.005,0,KXHIGHNY-26SEP24
KXHIGHNY-26SEP23-B67.5,2026-09-22 15:00:00+00:00,0.02564102564102564,0.42,0.43,0.42,290.66,0.010000000000000009,0.425,1,KXHIGHNY-26SEP23
KXHIGHNY-26SEP23-B67.5,2026-09-22 16:00:00+00:00,0.05128205128205128,0.48,0.49,0.49,65.34,0.010000000000000009,0.485,1,KXHIGHNY-26SEP23
KXHIGHNY-26SEP23-B67.5,2026-09-22 17:00:00+00:00,0.07692307692307693,0.52,0.53,0.53,260.92,0.010000000000000009,0.525,1,KXHIGHNY-26SEP23
KXHIGHNY-26SEP23-B67.5,2026-09-22 18:00:00+00:00,0.10256410256410256,0.53,0.54,0.53,16.16,0.010000000000000009,0.535,1,KXHIGHNY-26SEP23
KXHIGHNY-26SEP23-B67.5,2026-09-22 19:00:00+00:00,0.1282051282051282,0.54,0.55,0.55,162.2,0.010000000000000009,0.545,1,KXHIGHNY-26SEP23
KXHIGHNY-26SEP23-B67.5,2026-09-22 20:00:00+00:00,0.15384615384615385,0.53,0.54,0.54,71.97,0.010000000000000009,0.535,1,KXHIGHNY-26SEP23
KXHIGHNY-26SEP23-B67.5,2026-09-22 21:00:00+00:00,0.1794871794871795,0.52,0.53,0.53,32.48,0.010000000000000009,0.525,1,KXHIGHNY-26SEP23
KXHIGHNY-26SEP23-B67.5,2026-09-22 22:00:00+00:00,0.20512820512820512,0.49,0.5,0.5,208.92,0.010000000000000009,0.495,1,KXHIGHNY-26SEP23
KXHIGHNY-26SEP23-B67.5,2026-09-22 23:00:00+00:00,0.23076923076923078,0.46,0.47,0.47,170.61,0.009999999999999953,0.46499999999999997,1,KXHIGHNY-26SEP23
KXHIGHNY-26SEP23-B67.5,2026-09-23 00:00:00+00:00,0.2564102564102564,0.5,0.52,0.5,342.83,0.020000000000000018,0.51,1,KXHIGHNY-26SEP23
KXHIGHNY-26SEP23-B67.5,2026-09-23 01:00:00+00:00,0.28205128205128205,0.51,0.52,0.51,106.3,0.010000000000000009,0.515,1,KXHIGHNY-26SEP23
KXHIGHNY-26SEP23-B67.5,2026-09-23 02:00:00+00:00,0.3076923076923077,0.46,0.47,0.46,512.06,0.009999999999999953,0.46499999999999997,1,KXHIGHNY-26SEP23
KXHIGHNY-26SEP23-B67.5,2026-09-23 03:00:00+00:00,0.3333333333333333,0.52,0.53,0.53,342.38,0.010000000000000009,0.525,1,KXHIGHNY-26SEP23
KXHIGHNY-26SEP23-B67.5,2026-09-23 04:00:00+00:00,0.358974358974359,0.53,0.54,0.53,197.6,0.010000000000000009,0.535,1,KXHIGHNY-26SEP23
KXHIGHNY-26SEP23-B67.5,2026-09-23 05:00:00+00:00,0.38461538461538464,0.55,0.56,0.56,265.78,0.010000000000000009,0.555,1,KXHIGHNY-26SEP23
KXHIGHNY-26SEP23-B67.5,2026-09-23 06:00:00+00:00,0.41025641025641024,0.51,0.52,0.52,675.19,0.010000000000000009,0.515,1,KXHIGHNY-26SEP23
KXHIGHNY-26SEP23-B67.5,2026-09-23 07:00:00+00:00,0.4358974358974359,0.43,0.44,0.44,688.43,0.010000000000000009,0.435,1,KXHIGHNY-26SEP23
KXHIGHNY-26SEP23-B67.5,2026-09-23 08:00:00+00:00,0.46153846153846156,0.48,0.49,0.49,1833.25,0.010000000000000009,0.485,1,KXHIGHNY-26SEP23
KXHIGHNY-26SEP23-B67.5,2026-09-23 09:00:00+00:00,0.48717948717948717,0.48,0.5,0.5,107.73,0.020000000000000018,0.49,1,KXHIGHNY-26SEP23
KXHIGHNY-26SEP23-B67.5,2026-09-23 10:00:00+00:00,0.5128205128205128,0.48,0.49,0.49,21.59,0.010000000000000009,0.485,1,KXHIGHNY-26SEP23
KXHIGHNY-26SEP23-B67.5,2026-09-23 11:00:00+00:00,0.5384615384615384,0.49,0.5,0.49,428.04,0.010000000000000009,0.495,1,KXHIGHNY-26SEP23
KXHIGHNY-26SEP23-B67.5,2026-09-23 12:00:00+00:00,0.5641025641025641,0.47,0.48,0.48,812.54,0.010000000000000009,0.475,1,KXHIGHNY-26SEP23
KXHIGHNY-26SEP23-B67.5,2026-09-23 13:00:00+00:00,0.5897435897435898,0.52,0.54,0.54,1519.44,0.020000000000000018,0.53,1,KXHIGHNY-26SEP23
KXHIGHNY-26SEP23-B67.5,2026-09-23 14:00:00+00:00,0.6153846153846154,0.5,0.51,0.5,915.38,0.010000000000000009,0.505,1,KXHIGHNY-26SEP23
KXHIGHNY-26SEP23-B67.5,2026-09-23 15:00:00+00:00,0.6410256410256411,0.54,0.55,0.55,2030.28,0.010000000000000009,0.545,1,KXHIGHNY-26SEP23
KXHIGHNY-26SEP23-B67.5,2026-09-23 16:00:00+00:00,0.6666666666666666,0.65,0.66,0.65,2068.99,0.010000000000000009,0.655,1,KXHIGHNY-26SEP23
KXHIGHNY-26SEP23-B67.5,2026-09-23 17:00:00+00:00,0.6923076923076923,0.64,0.65,0.64,1617.03,0.010000000000000009,0.645,1,KXHIGHNY-26SEP23
KXHIGHNY-26SEP23-B67.5,2026-09-23 18:00:00+00:00,0.717948717948718,0.81,0.83,0.83,2146.47,0.019999999999999907,0.8200000000000001,1,KXHIGHNY-26SEP23
KXHIGHNY-26SEP23-B67.5,2026-09-23 19:00:00+00:00,0.7435897435897436,0.79,0.81,0.8,1272.26,0.020000000000000018,0.8,1,KXHIGHNY-26SEP23
KXHIGHNY-26SEP23-B67.5,2026-09-23 20:00:00+00:00,0.7692307692307693,0.87,0.9,0.9,2448.94,0.030000000000000027,0.885,1,KXHIGHNY-26SEP23
KXHIGHNY-26SEP23-B67.5,2026-09-23 21:00:00+00:00,0.7948717948717948,0.98,1.0,0.98,4983.28,0.020000000000000018,0.99,1,KXHIGHNY-26SEP23
KXHIGHNY-26SEP23-B67.5,2026-09-23 22:00:00+00:00,0.8205128205128205,0.98,1.0,0.98,1049.22,0.020000000000000018,0.99,1,KXHIGHNY-26SEP23
KXHIGHNY-26SEP23-B67.5,2026-09-23 23:00:00+00:00,0.8461538461538461,0.98,1.0,0.98,1052.84,0.020000000000000018,0.99,1,KXHIGHNY-26SEP23
KXHIGHNY-26SEP23-B67.5,2026-09-24 00:00:00+00:00,0.8717948717948718,0.99,1.0,0.99,1041.83,0.010000000000000009,0.995,1,KXHIGHNY-26SEP23
KXHIGHNY-26SEP23-B67.5,2026-09-24 01:00:00+00:00,0.8974358974358975,0.99,1.0,0.99,279.07,0.010000000000000009,0.995,1,KXHIGHNY-26SEP23
KXHIGHNY-26SEP23-B67.5,2026-09-24 02:00:00+00:00,0.9230769230769231,0.99,1.0,0.99,91.9,0.010000000000000009,0.995,1,KXHIGHNY-26SEP23
KXHIGHNY-26SEP23-B67.5,2026-09-24 03:00:00+00:00,0.9487179487179487,0.99,1.0,0.99,534.61,0.010000000000000009,0.995,1,KXHIGHNY-26SEP23
KXHIGHNY-26SEP23-B67.5,2026-09-24 04:00:00+00:00,0.9743589743589743,0.99,1.0,0.99,161.41,0.010000000000000009,0.995,1,KXHIGHNY-26SEP23
KXHIGHNY-26SEP23-B67.5,2026-09-24 05:00:00+00:00,1.0,0.99,1.0,0.99,9.85,0.010000000000000009,0.995,1,KXHIGHNY-26SEP23
KXHIGHNY-26SEP22-B65.5,2026-09-21 15:00:00+00:00,0.02564102564102564,0.34,0.36,0.33,189.55,0.019999999999999962,0.35,0,KXHIGHNY-26SEP22
KXHIGHNY-26SEP22-B65.5,2026-09-21 16:00:00+00:00,0.05128205128205128,0.28,0.32,0.33,32.09,0.03999999999999998,0.30000000000000004,0,KXHIGHNY-26SEP22
KXHIGHNY-26SEP22-B65.5,2026-09-21 17:00:00+00:00,0.07692307692307693,0.28,0.29,0.29,49.0,0.009999999999999953,0.28500000000000003,0,KXHIGHNY-26SEP22
KXHIGHNY-26SEP22-B65.5,2026-09-21 18:00:00+00:00,0.10256410256410256,0.36,0.37,0.36,265.12,0.010000000000000009,0.365,0,KXHIGHNY-26SEP22
KXHIGHNY-26SEP22-B65.5,2026-09-21 19:00:00+00:00,0.1282051282051282,0.37,0.38,0.38,20.16,0.010000000000000009,0.375,0,KXHIGHNY-26SEP22
KXHIGHNY-26SEP22-B65.5,2026-09-21 20:00:00+00:00,0.15384615384615385,0.38,0.41,0.39,244.66,0.02999999999999997,0.395,0,KXHIGHNY-26SEP22
KXHIGHNY-26SEP22-B65.5,2026-09-21 21:00:00+00:00,0.1794871794871795,0.4,0.41,0.41,849.48,0.009999999999999953,0.405,0,KXHIGHNY-26SEP22
KXHIGHNY-26SEP22-B65.5,2026-09-21 22:00:00+00:00,0.20512820512820512,0.4,0.42,0.41,109.07,0.019999999999999962,0.41000000000000003,0,KXHIGHNY-26SEP22
KXHIGHNY-26SEP22-B65.5,2026-09-21 23:00:00+00:00,0.23076923076923078,0.38,0.39,0.39,353.97,0.010000000000000009,0.385,0,KXHIGHNY-26SEP22
KXHIGHNY-26SEP22-B65.5,2026-09-22 00:00:00+00:00,0.2564102564102564,0.42,0.44,0.44,305.68,0.020000000000000018,0.43,0,KXHIGHNY-26SEP22
KXHIGHNY-26SEP22-B65.5,2026-09-22 01:00:00+00:00,0.28205128205128205,0.45,0.46,0.46,406.72,0.010000000000000009,0.455,0,KXHIGHNY-26SEP22
KXHIGHNY-26SEP22-B65.5,2026-09-22 02:00:00+00:00,0.3076923076923077,0.47,0.49,0.49,648.7,0.020000000000000018,0.48,0,KXHIGHNY-26SEP22
KXHIGHNY-26SEP22-B65.5,2026-09-22 03:00:00+00:00,0.3333333333333333,0.38,0.39,0.38,293.8,0.010000000000000009,0.385,0,KXHIGHNY-26SEP22
KXHIGHNY-26SEP22-B65.5,2026-09-22 04:00:00+00:00,0.358974358974359,0.43,0.45,0.44,675.52,0.020000000000000018,0.44,0,KXHIGHNY-26SEP22
KXHIGHNY-26SEP22-B65.5,2026-09-22 05:00:00+00:00,0.38461538461538464,0.45,0.46,0.47,715.55,0.010000000000000009,0.455,0,KXHIGHNY-26SEP22
KXHIGHNY-26SEP22-B65.5,2026-09-22 06:00:00+00:00,0.41025641025641024,0.52,0.53,0.52,292.74,0.010000000000000009,0.525,0,KXHIGHNY-26SEP22
KXHIGHNY-26SEP22-B65.5,2026-09-22 07:00:00+00:00,0.4358974358974359,0.55,0.56,0.56,243.76,0.010000000000000009,0.555,0,KXHIGHNY-26SEP22
KXHIGHNY-26SEP22-B65.5,2026-09-22 08:00:00+00:00,0.46153846153846156,0.56,0.57,0.57,76.28,0.009999999999999898,0.565,0,KXHIGHNY-26SEP22
KXHIGHNY-26SEP22-B65.5,2026-09-22 09:00:00+00:00,0.48717948717948717,0.56,0.58,0.6,60.08,0.019999999999999907,0.5700000000000001,0,KXHIGHNY-26SEP22
KXHIGHNY-26SEP22-B65.5,2026-09-22 10:00:00+00:00,0.5128205128205128,0.55,0.57,0.58,199.1,0.019999999999999907,0.56,0,KXHIGHNY-26SEP22
KXHIGHNY-26SEP22-B65.5,2026-09-22 11:00:00+00:00,0.5384615384615384,0.56,0.58,0.58,191.06,0.019999999999999907,0.5700000000000001,0,KXHIGHNY-26SEP22
KXHIGHNY-26SEP22-B65.5,2026-09-22 12:00:00+00:00,0.5641025641025641,0.55,0.58,0.58,410.57,0.029999999999999916,0.565,0,KXHIGHNY-26SEP22
KXHIGHNY-26SEP22-B65.5,2026-09-22 13:00:00+00:00,0.5897435897435898,0.55,0.56,0.56,1411.23,0.010000000000000009,0.555,0,KXHIGHNY-26SEP22
KXHIGHNY-26SEP22-B65.5,2026-09-22 14:00:00+00:00,0.6153846153846154,0.48,0.5,0.5,1860.3,0.020000000000000018,0.49,0,KXHIGHNY-26SEP22
KXHIGHNY-26SEP22-B65.5,2026-09-22 15:00:00+00:00,0.6410256410256411,0.57,0.58,0.58,1559.88,0.010000000000000009,0.575,0,KXHIGHNY-26SEP22
KXHIGHNY-26SEP22-B65.5,2026-09-22 16:00:00+00:00,0.6666666666666666,0.65,0.67,0.67,1772.92,0.020000000000000018,0.66,0,KXHIGHNY-26SEP22
KXHIGHNY-26SEP22-B65.5,2026-09-22 17:00:00+00:00,0.6923076923076923,0.0,0.01,0.01,8755.44,0.01,0.005,0,KXHIGHNY-26SEP22
KXHIGHNY-26SEP22-B65.5,2026-09-22 18:00:00+00:00,0.717948717948718,0.0,0.01,0.01,474.64,0.01,0.005,0,KXHIGHNY-26SEP22
KXHIGHNY-26SEP22-B65.5,2026-09-22 19:00:00+00:00,0.7435897435897436,0.0,0.01,0.01,1373.7,0.01,0.005,0,KXHIGHNY-26SEP22
KXHIGHNY-26SEP22-B65.5,2026-09-22 20:00:00+00:00,0.7692307692307693,0.0,0.01,0.01,46.75,0.01,0.005,0,KXHIGHNY-26SEP22
KXHIGHNY-26SEP22-B65.5,2026-09-22 21:00:00+00:00,0.7948717948717948,0.0,0.01,0.01,614.1,0.01,0.005,0,KXHIGHNY-26SEP22
KXHIGHNY-26SEP22-B65.5,2026-09-22 22:00:00+00:00,0.8205128205128205,0.0,0.01,0.01,1325.88,0.01,0.005,0,KXHIGHNY-26SEP22
KXHIGHNY-26SEP22-B65.5,2026-09-22 23:00:00+00:00,0.8461538461538461,0.0,0.01,0.01,136.92,0.01,0.005,0,KXHIGHNY-26SEP22
KXHIGHNY-26SEP22-B65.5,2026-09-23 00:00:00+00:00,0.8717948717948718,0.0,0.01,0.01,101.07,0.01,0.005,0,KXHIGHNY-26SEP22
KXHIGHNY-26SEP22-B65.5,2026-09-23 01:00:00+00:00,0.8974358974358975,0.0,0.01,0.01,190.31,0.01,0.005,0,KXHIGHNY-26SEP22
KXHIGHNY-26SEP22-B65.5,2026-09-23 02:00:00+00:00,0.9230769230769231,0.0,0.01,0.01,126.51,0.01,0.005,0,KXHIGHNY-26SEP22
KXHIGHNY-26SEP22-B65.5,2026-09-23 03:00:00+00:00,0.9487179487179487,0.0,0.01,,0.0,0.01,0.005,0,KXHIGHNY-26SEP22
KXHIGHNY-26SEP22-B65.5,2026-09-23 04:00:00+00:00,0.9743589743589743,0.0,0.01,0.01,93.56,0.01,0.005,0,KXHIGHNY-26SEP22
KXHIGHNY-26SEP22-B65.5,2026-09-23 05:00:00+00:00,1.0,0.0,0.01,,0.0,0.01,0.005,0,KXHIGHNY-26SEP22
KXHIGHNY-26SEP21-B68.5,2026-09-20 15:00:00+00:00,0.02564102564102564,0.44,0.45,0.45,533.42,0.010000000000000009,0.445,0,KXHIGHNY-26SEP21
KXHIGHNY-26SEP21-B68.5,2026-09-20 16:00:00+00:00,0.05128205128205128,0.5,0.51,0.5,173.28,0.010000000000000009,0.505,0,KXHIGHNY-26SEP21
KXHIGHNY-26SEP21-B68.5,2026-09-20 17:00:00+00:00,0.07692307692307693,0.53,0.54,0.51,169.53,0.010000000000000009,0.535,0,KXHIGHNY-26SEP21
KXHIGHNY-26SEP21-B68.5,2026-09-20 18:00:00+00:00,0.10256410256410256,0.47,0.5,0.49,213.81,0.030000000000000027,0.485,0,KXHIGHNY-26SEP21
KXHIGHNY-26SEP21-B68.5,2026-09-20 19:00:00+00:00,0.1282051282051282,0.49,0.5,0.5,110.1,0.010000000000000009,0.495,0,KXHIGHNY-26SEP21
KXHIGHNY-26SEP21-B68.5,2026-09-20 20:00:00+00:00,0.15384615384615385,0.49,0.5,0.49,29.94,0.010000000000000009,0.495,0,KXHIGHNY-26SEP21
KXHIGHNY-26SEP21-B68.5,2026-09-20 21:00:00+00:00,0.1794871794871795,0.49,0.5,0.49,23.0,0.010000000000000009,0.495,0,KXHIGHNY-26SEP21
KXHIGHNY-26SEP21-B68.5,2026-09-20 22:00:00+00:00,0.20512820512820512,0.45,0.46,0.45,137.93,0.010000000000000009,0.455,0,KXHIGHNY-26SEP21
KXHIGHNY-26SEP21-B68.5,2026-09-20 23:00:00+00:00,0.23076923076923078,0.4,0.41,0.41,196.82,0.009999999999999953,0.405,0,KXHIGHNY-26SEP21
KXHIGHNY-26SEP21-B68.5,2026-09-21 00:00:00+00:00,0.2564102564102564,0.4,0.41,0.41,7.23,0.009999999999999953,0.405,0,KXHIGHNY-26SEP21
KXHIGHNY-26SEP21-B68.5,2026-09-21 01:00:00+00:00,0.28205128205128205,0.35,0.36,0.36,27.41,0.010000000000000009,0.355,0,KXHIGHNY-26SEP21
KXHIGHNY-26SEP21-B68.5,2026-09-21 02:00:00+00:00,0.3076923076923077,0.33,0.34,0.34,243.58,0.010000000000000009,0.335,0,KXHIGHNY-26SEP21
KXHIGHNY-26SEP21-B68.5,2026-09-21 03:00:00+00:00,0.3333333333333333,0.25,0.26,0.26,460.33,0.010000000000000009,0.255,0,KXHIGHNY-26SEP21
KXHIGHNY-26SEP21-B68.5,2026-09-21 04:00:00+00:00,0.358974358974359,0.2,0.21,0.21,484.94,0.009999999999999981,0.20500000000000002,0,KXHIGHNY-26SEP21
KXHIGHNY-26SEP21-B68.5,2026-09-21 05:00:00+00:00,0.38461538461538464,0.13,0.14,0.13,639.61,0.010000000000000009,0.135,0,KXHIGHNY-26SEP21
KXHIGHNY-26SEP21-B68.5,2026-09-21 06:00:00+00:00,0.41025641025641024,0.12,0.14,0.14,67.31,0.020000000000000018,0.13,0,KXHIGHNY-26SEP21
KXHIGHNY-26SEP21-B68.5,2026-09-21 07:00:00+00:00,0.4358974358974359,0.17,0.18,0.18,323.56,0.009999999999999981,0.175,0,KXHIGHNY-26SEP21
KXHIGHNY-26SEP21-B68.5,2026-09-21 08:00:00+00:00,0.46153846153846156,0.22,0.23,0.22,118.77,0.010000000000000009,0.225,0,KXHIGHNY-26SEP21
KXHIGHNY-26SEP21-B68.5,2026-09-21 09:00:00+00:00,0.48717948717948717,0.16,0.17,0.17,129.68,0.010000000000000009,0.165,0,KXHIGHNY-26SEP21
KXHIGHNY-26SEP21-B68.5,2026-09-21 10:00:00+00:00,0.5128205128205128,0.15,0.16,0.15,64.19,0.010000000000000009,0.155,0,KXHIGHNY-26SEP21
KXHIGHNY-26SEP21-B68.5,2026-09-21 11:00:00+00:00,0.5384615384615384,0.14,0.15,0.16,615.2,0.009999999999999981,0.14500000000000002,0,KXHIGHNY-26SEP21
KXHIGHNY-26SEP21-B68.5,2026-09-21 12:00:00+00:00,0.5641025641025641,0.23,0.24,0.25,363.29,0.009999999999999981,0.235,0,KXHIGHNY-26SEP21
KXHIGHNY-26SEP21-B68.5,2026-09-21 13:00:00+00:00,0.5897435897435898,0.22,0.23,0.22,1093.76,0.010000000000000009,0.225,0,KXHIGHNY-26SEP21
KXHIGHNY-26SEP21-B68.5,2026-09-21 14:00:00+00:00,0.6153846153846154,0.19,0.2,0.19,1144.15,0.010000000000000009,0.195,0,KXHIGHNY-26SEP21
KXHIGHNY-26SEP21-B68.5,2026-09-21 15:00:00+00:00,0.6410256410256411,0.1,0.11,0.11,446.68,0.009999999999999995,0.10500000000000001,0,KXHIGHNY-26SEP21
KXHIGHNY-26SEP21-B68.5,2026-09-21 16:00:00+00:00,0.6666666666666666,0.04,0.06,0.07,1398.42,0.019999999999999997,0.05,0,KXHIGHNY-26SEP21
KXHIGHNY-26SEP21-B68.5,2026-09-21 17:00:00+00:00,0.6923076923076923,0.01,0.02,0.01,3017.47,0.01,0.015,0,KXHIGHNY-26SEP21
KXHIGHNY-26SEP21-B68.5,2026-09-21 18:00:00+00:00,0.717948717948718,0.0,0.01,0.01,2397.26,0.01,0.005,0,KXHIGHNY-26SEP21
KXHIGHNY-26SEP21-B68.5,2026-09-21 19:00:00+00:00,0.7435897435897436,0.0,0.01,0.01,660.1,0.01,0.005,0,KXHIGHNY-26SEP21
KXHIGHNY-26SEP21-B68.5,2026-09-21 20:00:00+00:00,0.7692307692307693,0.0,0.01,0.01,1352.22,0.01,0.005,0,KXHIGHNY-26SEP21
KXHIGHNY-26SEP21-B68.5,2026-09-21 21:00:00+00:00,0.7948717948717948,0.0,0.01,0.01,2066.29,0.01,0.005,0,KXHIGHNY-26SEP21
KXHIGHNY-26SEP21-B68.5,2026-09-21 22:00:00+00:00,0.8205128205128205,0.0,0.01,0.01,333.0,0.01,0.005,0,KXHIGHNY-26SEP21
KXHIGHNY-26SEP21-B68.5,2026-09-21 23:00:00+00:00,0.8461538461538461,0.0,0.01,,0.0,0.01,0.005,0,KXHIGHNY-26SEP21
KXHIGHNY-26SEP21-B68.5,2026-09-22 00:00:00+00:00,0.8717948717948718,0.0,0.01,0.01,99.0,0.01,0.005,0,KXHIGHNY-26SEP21
KXHIGHNY-26SEP21-B68.5,2026-09-22 01:00:00+00:00,0.8974358974358975,0.0,0.01,0.01,833.0,0.01,0.005,0,KXHIGHNY-26SEP21
KXHIGHNY-26SEP21-B68.5,2026-09-22 02:00:00+00:00,0.9230769230769231,0.0,0.01,0.01,59.67,0.01,0.005,0,KXHIGHNY-26SEP21
KXHIGHNY-26SEP21-B68.5,2026-09-22 03:00:00+00:00,0.9487179487179487,0.0,0.01,,0.0,0.01,0.005,0,KXHIGHNY-26SEP21
KXHIGHNY-26SEP21-B68.5,2026-09-22 04:00:00+00:00,0.9743589743589743,0.0,0.01,0.01,197.03,0.01,0.005,0,KXHIGHNY-26SEP21
KXHIGHNY-26SEP21-B68.5,2026-09-22 05:00:00+00:00,1.0,0.0,0.01,0.01,28.0,0.01,0.005,0,KXHIGHNY-26SEP21
KXHIGHNY-26SEP20-T71,2026-09-19 15:00:00+00:00,0.02564102564102564,0.61,0.62,0.62,413.8,0.010000000000000009,0.615,1,KXHIGHNY-26SEP20
KXHIGHNY-26SEP20-T71,2026-09-19 16:00:00+00:00,0.05128205128205128,0.61,0.62,0.62,42.32,0.010000000000000009,0.615,1,KXHIGHNY-26SEP20
KXHIGHNY-26SEP20-T71,2026-09-19 17:00:00+00:00,0.07692307692307693,0.64,0.65,0.64,78.26,0.010000000000000009,0.645,1,KXHIGHNY-26SEP20
KXHIGHNY-26SEP20-T71,2026-09-19 18:00:00+00:00,0.10256410256410256,0.65,0.66,0.66,267.4,0.010000000000000009,0.655,1,KXHIGHNY-26SEP20
KXHIGHNY-26SEP20-T71,2026-09-19 19:00:00+00:00,0.1282051282051282,0.65,0.66,0.66,29.99,0.010000000000000009,0.655,1,KXHIGHNY-26SEP20
KXHIGHNY-26SEP20-T71,2026-09-19 20:00:00+00:00,0.15384615384615385,0.72,0.73,0.72,698.09,0.010000000000000009,0.725,1,KXHIGHNY-26SEP20
KXHIGHNY-26SEP20-T71,2026-09-19 21:00:00+00:00,0.1794871794871795,0.77,0.78,0.78,386.6,0.010000000000000009,0.775,1,KXHIGHNY-26SEP20
KXHIGHNY-26SEP20-T71,2026-09-19 22:00:00+00:00,0.20512820512820512,0.76,0.77,0.76,635.72,0.010000000000000009,0.765,1,KXHIGHNY-26SEP20
KXHIGHNY-26SEP20-T71,2026-09-19 23:00:00+00:00,0.23076923076923078,0.76,0.77,0.76,84.0,0.010000000000000009,0.765,1,KXHIGHNY-26SEP20
KXHIGHNY-26SEP20-T71,2026-09-20 00:00:00+00:00,0.2564102564102564,0.77,0.78,0.78,517.61,0.010000000000000009,0.775,1,KXHIGHNY-26SEP20
KXHIGHNY-26SEP20-T71,2026-09-20 01:00:00+00:00,0.28205128205128205,0.72,0.73,0.73,260.01,0.010000000000000009,0.725,1,KXHIGHNY-26SEP20
KXHIGHNY-26SEP20-T71,2026-09-20 02:00:00+00:00,0.3076923076923077,0.71,0.72,0.71,21.3,0.010000000000000009,0.715,1,KXHIGHNY-26SEP20
KXHIGHNY-26SEP20-T71,2026-09-20 03:00:00+00:00,0.3333333333333333,0.7,0.71,0.71,48.51,0.010000000000000009,0.705,1,KXHIGHNY-26SEP20
KXHIGHNY-26SEP20-T71,2026-09-20 04:00:00+00:00,0.358974358974359,0.7,0.71,0.7,519.38,0.010000000000000009,0.705,1,KXHIGHNY-26SEP20
KXHIGHNY-26SEP20-T71,2026-09-20 05:00:00+00:00,0.38461538461538464,0.85,0.87,0.85,2241.22,0.020000000000000018,0.86,1,KXHIGHNY-26SEP20
KXHIGHNY-26SEP20-T71,2026-09-20 06:00:00+00:00,0.41025641025641024,0.83,0.85,0.86,289.68,0.020000000000000018,0.84,1,KXHIGHNY-26SEP20
KXHIGHNY-26SEP20-T71,2026-09-20 07:00:00+00:00,0.4358974358974359,0.82,0.83,0.83,582.46,0.010000000000000009,0.825,1,KXHIGHNY-26SEP20
KXHIGHNY-26SEP20-T71,2026-09-20 08:00:00+00:00,0.46153846153846156,0.79,0.8,0.8,273.87,0.010000000000000009,0.795,1,KXHIGHNY-26SEP20
KXHIGHNY-26SEP20-T71,2026-09-20 09:00:00+00:00,0.48717948717948717,0.83,0.84,0.84,67.03,0.010000000000000009,0.835,1,KXHIGHNY-26SEP20
KXHIGHNY-26SEP20-T71,2026-09-20 10:00:00+00:00,0.5128205128205128,0.86,0.87,0.86,256.84,0.010000000000000009,0.865,1,KXHIGHNY-26SEP20
KXHIGHNY-26SEP20-T71,2026-09-20 11:00:00+00:00,0.5384615384615384,0.89,0.9,0.89,277.21,0.010000000000000009,0.895,1,KXHIGHNY-26SEP20
KXHIGHNY-26SEP20-T71,2026-09-20 12:00:00+00:00,0.5641025641025641,0.87,0.88,0.87,363.73,0.010000000000000009,0.875,1,KXHIGHNY-26SEP20
KXHIGHNY-26SEP20-T71,2026-09-20 13:00:00+00:00,0.5897435897435898,0.84,0.85,0.85,1022.4,0.010000000000000009,0.845,1,KXHIGHNY-26SEP20
KXHIGHNY-26SEP20-T71,2026-09-20 14:00:00+00:00,0.6153846153846154,0.89,0.9,0.9,1420.51,0.010000000000000009,0.895,1,KXHIGHNY-26SEP20
KXHIGHNY-26SEP20-T71,2026-09-20 15:00:00+00:00,0.6410256410256411,0.87,0.89,0.87,1335.96,0.020000000000000018,0.88,1,KXHIGHNY-26SEP20
KXHIGHNY-26SEP20-T71,2026-09-20 16:00:00+00:00,0.6666666666666666,0.85,0.87,0.87,444.42,0.020000000000000018,0.86,1,KXHIGHNY-26SEP20
KXHIGHNY-26SEP20-T71,2026-09-20 17:00:00+00:00,0.6923076923076923,0.98,0.99,0.98,5674.27,0.010000000000000009,0.985,1,KXHIGHNY-26SEP20
KXHIGHNY-26SEP20-T71,2026-09-20 18:00:00+00:00,0.717948717948718,0.96,0.97,0.96,770.96,0.010000000000000009,0.965,1,KXHIGHNY-26SEP20
KXHIGHNY-26SEP20-T71,2026-09-20 19:00:00+00:00,0.7435897435897436,0.96,0.98,0.97,1723.8,0.020000000000000018,0.97,1,KXHIGHNY-26SEP20
KXHIGHNY-26SEP20-T71,2026-09-20 20:00:00+00:00,0.7692307692307693,0.95,0.98,0.97,1752.04,0.030000000000000027,0.965,1,KXHIGHNY-26SEP20
KXHIGHNY-26SEP20-T71,2026-09-20 21:00:00+00:00,0.7948717948717948,0.95,0.98,0.95,2976.23,0.030000000000000027,0.965,1,KXHIGHNY-26SEP20
KXHIGHNY-26SEP20-T71,2026-09-20 22:00:00+00:00,0.8205128205128205,0.89,0.95,0.95,2867.39,0.05999999999999994,0.9199999999999999,1,KXHIGHNY-26SEP20
KXHIGHNY-26SEP20-T71,2026-09-20 23:00:00+00:00,0.8461538461538461,0.96,0.98,0.98,2302.22,0.020000000000000018,0.97,1,KXHIGHNY-26SEP20
KXHIGHNY-26SEP20-T71,2026-09-21 00:00:00+00:00,0.8717948717948718,0.97,1.0,0.99,4025.31,0.030000000000000027,0.985,1,KXHIGHNY-26SEP20
KXHIGHNY-26SEP20-T71,2026-09-21 01:00:00+00:00,0.8974358974358975,0.99,1.0,0.99,667.6,0.010000000000000009,0.995,1,KXHIGHNY-26SEP20
KXHIGHNY-26SEP20-T71,2026-09-21 02:00:00+00:00,0.9230769230769231,0.98,0.99,0.99,380.63,0.010000000000000009,0.985,1,KXHIGHNY-26SEP20
KXHIGHNY-26SEP20-T71,2026-09-21 03:00:00+00:00,0.9487179487179487,0.96,0.98,0.96,1797.26,0.020000000000000018,0.97,1,KXHIGHNY-26SEP20
KXHIGHNY-26SEP20-T71,2026-09-21 04:00:00+00:00,0.9743589743589743,0.97,0.99,0.99,543.92,0.020000000000000018,0.98,1,KXHIGHNY-26SEP20
KXHIGHNY-26SEP20-T71,2026-09-21 05:00:00+00:00,1.0,0.98,1.0,0.99,606.21,0.020000000000000018,0.99,1,KXHIGHNY-26SEP20
KXHIGHNY-26SEP19-B69.5,2026-09-18 15:00:00+00:00,0.02564102564102564,0.35,0.36,0.35,183.4,0.010000000000000009,0.355,1,KXHIGHNY-26SEP19
KXHIGHNY-26SEP19-B69.5,2026-09-18 16:00:00+00:00,0.05128205128205128,0.36,0.37,0.35,109.93,0.010000000000000009,0.365,1,KXHIGHNY-26SEP19
KXHIGHNY-26SEP19-B69.5,2026-09-18 17:00:00+00:00,0.07692307692307693,0.36,0.37,0.37,26.62,0.010000000000000009,0.365,1,KXHIGHNY-26SEP19
KXHIGHNY-26SEP19-B69.5,2026-09-18 18:00:00+00:00,0.10256410256410256,0.39,0.4,0.4,117.54,0.010000000000000009,0.395,1,KXHIGHNY-26SEP19
KXHIGHNY-26SEP19-B69.5,2026-09-18 19:00:00+00:00,0.1282051282051282,0.37,0.39,0.37,76.18,0.020000000000000018,0.38,1,KXHIGHNY-26SEP19
KXHIGHNY-26SEP19-B69.5,2026-09-18 20:00:00+00:00,0.15384615384615385,0.42,0.43,0.42,891.26,0.010000000000000009,0.425,1,KXHIGHNY-26SEP19
KXHIGHNY-26SEP19-B69.5,2026-09-18 21:00:00+00:00,0.1794871794871795,0.45,0.46,0.46,105.56,0.010000000000000009,0.455,1,KXHIGHNY-26SEP19
KXHIGHNY-26SEP19-B69.5,2026-09-18 22:00:00+00:00,0.20512820512820512,0.43,0.44,0.44,99.67,0.010000000000000009,0.435,1,KXHIGHNY-26SEP19
KXHIGHNY-26SEP19-B69.5,2026-09-18 23:00:00+00:00,0.23076923076923078,0.41,0.42,0.42,42.21,0.010000000000000009,0.415,1,KXHIGHNY-26SEP19
KXHIGHNY-26SEP19-B69.5,2026-09-19 00:00:00+00:00,0.2564102564102564,0.41,0.44,0.44,520.2,0.030000000000000027,0.425,1,KXHIGHNY-26SEP19
KXHIGHNY-26SEP19-B69.5,2026-09-19 01:00:00+00:00,0.28205128205128205,0.36,0.37,0.38,420.26,0.010000000000000009,0.365,1,KXHIGHNY-26SEP19
KXHIGHNY-26SEP19-B69.5,2026-09-19 02:00:00+00:00,0.3076923076923077,0.38,0.39,0.39,729.59,0.010000000000000009,0.385,1,KXHIGHNY-26SEP19
KXHIGHNY-26SEP19-B69.5,2026-09-19 03:00:00+00:00,0.3333333333333333,0.36,0.37,0.37,111.65,0.010000000000000009,0.365,1,KXHIGHNY-26SEP19
KXHIGHNY-26SEP19-B69.5,2026-09-19 04:00:00+00:00,0.358974358974359,0.38,0.39,0.39,107.92,0.010000000000000009,0.385,1,KXHIGHNY-26SEP19
KXHIGHNY-26SEP19-B69.5,2026-09-19 05:00:00+00:00,0.38461538461538464,0.4,0.41,0.41,197.49,0.009999999999999953,0.405,1,KXHIGHNY-26SEP19
KXHIGHNY-26SEP19-B69.5,2026-09-19 06:00:00+00:00,0.41025641025641024,0.4,0.41,0.39,205.26,0.009999999999999953,0.405,1,KXHIGHNY-26SEP19
KXHIGHNY-26SEP19-B69.5,2026-09-19 07:00:00+00:00,0.4358974358974359,0.38,0.39,0.38,437.31,0.010000000000000009,0.385,1,KXHIGHNY-26SEP19
KXHIGHNY-26SEP19-B69.5,2026-09-19 08:00:00+00:00,0.46153846153846156,0.38,0.39,0.39,130.18,0.010000000000000009,0.385,1,KXHIGHNY-26SEP19
KXHIGHNY-26SEP19-B69.5,2026-09-19 09:00:00+00:00,0.48717948717948717,0.29,0.3,0.3,384.22,0.010000000000000009,0.295,1,KXHIGHNY-26SEP19
KXHIGHNY-26SEP19-B69.5,2026-09-19 10:00:00+00:00,0.5128205128205128,0.22,0.23,0.23,674.8,0.010000000000000009,0.225,1,KXHIGHNY-26SEP19
KXHIGHNY-26SEP19-B69.5,2026-09-19 11:00:00+00:00,0.5384615384615384,0.26,0.3,0.32,1638.5,0.03999999999999998,0.28,1,KXHIGHNY-26SEP19
KXHIGHNY-26SEP19-B69.5,2026-09-19 12:00:00+00:00,0.5641025641025641,0.33,0.36,0.36,1108.1,0.02999999999999997,0.345,1,KXHIGHNY-26SEP19
KXHIGHNY-26SEP19-B69.5,2026-09-19 13:00:00+00:00,0.5897435897435898,0.34,0.36,0.37,1170.15,0.019999999999999962,0.35,1,KXHIGHNY-26SEP19
KXHIGHNY-26SEP19-B69.5,2026-09-19 14:00:00+00:00,0.6153846153846154,0.31,0.32,0.32,914.95,0.010000000000000009,0.315,1,KXHIGHNY-26SEP19
KXHIGHNY-26SEP19-B69.5,2026-09-19 15:00:00+00:00,0.6410256410256411,0.36,0.38,0.38,909.84,0.020000000000000018,0.37,1,KXHIGHNY-26SEP19
KXHIGHNY-26SEP19-B69.5,2026-09-19 16:00:00+00:00,0.6666666666666666,0.29,0.3,0.28,1685.63,0.010000000000000009,0.295,1,KXHIGHNY-26SEP19
KXHIGHNY-26SEP19-B69.5,2026-09-19 17:00:00+00:00,0.6923076923076923,0.35,0.36,0.37,7490.97,0.010000000000000009,0.355,1,KXHIGHNY-26SEP19
KXHIGHNY-26SEP19-B69.5,2026-09-19 18:00:00+00:00,0.717948717948718,0.74,0.79,0.79,11153.98,0.050000000000000044,0.765,1,KXHIGHNY-26SEP19
KXHIGHNY-26SEP19-B69.5,2026-09-19 19:00:00+00:00,0.7435897435897436,0.8,0.83,0.79,6215.82,0.029999999999999916,0.815,1,KXHIGHNY-26SEP19
KXHIGHNY-26SEP19-B69.5,2026-09-19 20:00:00+00:00,0.7692307692307693,0.95,0.98,0.95,4044.84,0.030000000000000027,0.965,1,KXHIGHNY-26SEP19
KXHIGHNY-26SEP19-B69.5,2026-09-19 21:00:00+00:00,0.7948717948717948,0.96,0.99,0.99,2501.97,0.030000000000000027,0.975,1,KXHIGHNY-26SEP19
KXHIGHNY-26SEP19-B69.5,2026-09-19 22:00:00+00:00,0.8205128205128205,0.99,1.0,0.99,1641.24,0.010000000000000009,0.995,1,KXHIGHNY-26SEP19
KXHIGHNY-26SEP19-B69.5,2026-09-19 23:00:00+00:00,0.8461538461538461,0.99,1.0,0.99,31.92,0.010000000000000009,0.995,1,KXHIGHNY-26SEP19
KXHIGHNY-26SEP19-B69.5,2026-09-20 00:00:00+00:00,0.8717948717948718,0.99,1.0,0.99,286.71,0.010000000000000009,0.995,1,KXHIGHNY-26SEP19
KXHIGHNY-26SEP19-B69.5,2026-09-20 01:00:00+00:00,0.8974358974358975,0.99,1.0,0.99,286.31,0.010000000000000009,0.995,1,KXHIGHNY-26SEP19
KXHIGHNY-26SEP19-B69.5,2026-09-20 02:00:00+00:00,0.9230769230769231,0.99,1.0,0.99,666.45,0.010000000000000009,0.995,1,KXHIGHNY-26SEP19
KXHIGHNY-26SEP19-B69.5,2026-09-20 03:00:00+00:00,0.9487179487179487,0.99,1.0,0.99,5103.21,0.010000000000000009,0.995,1,KXHIGHNY-26SEP19
KXHIGHNY-26SEP19-B69.5,2026-09-20 04:00:00+00:00,0.9743589743589743,0.99,1.0,0.99,193.4,0.010000000000000009,0.995,1,KXHIGHNY-26SEP19
KXHIGHNY-26SEP19-B69.5,2026-09-20 05:00:00+00:00,1.0,0.99,1.0,0.99,96.32,0.010000000000000009,0.995,1,KXHIGHNY-26SEP19
KXHIGHNY-26SEP18-B80.5,2026-09-17 15:00:00+00:00,0.02564102564102564,0.48,0.49,0.5,131.0,0.010000000000000009,0.485,1,KXHIGHNY-26SEP18
KXHIGHNY-26SEP18-B80.5,2026-09-17 16:00:00+00:00,0.05128205128205128,0.48,0.49,0.49,148.51,0.010000000000000009,0.485,1,KXHIGHNY-26SEP18
KXHIGHNY-26SEP18-B80.5,2026-09-17 17:00:00+00:00,0.07692307692307693,0.46,0.5,0.5,19.52,0.03999999999999998,0.48,1,KXHIGHNY-26SEP18
KXHIGHNY-26SEP18-B80.5,2026-09-17 18:00:00+00:00,0.10256410256410256,0.49,0.5,0.5,131.88,0.010000000000000009,0.495,1,KXHIGHNY-26SEP18
KXHIGHNY-26SEP18-B80.5,2026-09-17 19:00:00+00:00,0.1282051282051282,0.45,0.47,0.49,5.95,0.019999999999999962,0.45999999999999996,1,KXHIGHNY-26SEP18
KXHIGHNY-26SEP18-B80.5,2026-09-17 20:00:00+00:00,0.15384615384615385,0.46,0.49,0.48,34.57,0.02999999999999997,0.475,1,KXHIGHNY-26SEP18
KXHIGHNY-26SEP18-B80.5,2026-09-17 21:00:00+00:00,0.1794871794871795,0.51,0.53,0.51,115.96,0.020000000000000018,0.52,1,KXHIGHNY-26SEP18
KXHIGHNY-26SEP18-B80.5,2026-09-17 22:00:00+00:00,0.20512820512820512,0.47,0.48,0.47,70.05,0.010000000000000009,0.475,1,KXHIGHNY-26SEP18
KXHIGHNY-26SEP18-B80.5,2026-09-17 23:00:00+00:00,0.23076923076923078,0.48,0.5,0.49,195.39,0.020000000000000018,0.49,1,KXHIGHNY-26SEP18
KXHIGHNY-26SEP18-B80.5,2026-09-18 00:00:00+00:00,0.2564102564102564,0.49,0.51,0.49,398.62,0.020000000000000018,0.5,1,KXHIGHNY-26SEP18
KXHIGHNY-26SEP18-B80.5,2026-09-18 01:00:00+00:00,0.28205128205128205,0.56,0.57,0.56,692.32,0.009999999999999898,0.565,1,KXHIGHNY-26SEP18
KXHIGHNY-26SEP18-B80.5,2026-09-18 02:00:00+00:00,0.3076923076923077,0.5,0.51,0.5,225.68,0.010000000000000009,0.505,1,KXHIGHNY-26SEP18
KXHIGHNY-26SEP18-B80.5,2026-09-18 03:00:00+00:00,0.3333333333333333,0.52,0.53,0.52,554.7,0.010000000000000009,0.525,1,KXHIGHNY-26SEP18
KXHIGHNY-26SEP18-B80.5,2026-09-18 04:00:00+00:00,0.358974358974359,0.53,0.54,0.53,474.24,0.010000000000000009,0.535,1,KXHIGHNY-26SEP18
KXHIGHNY-26SEP18-B80.5,2026-09-18 05:00:00+00:00,0.38461538461538464,0.53,0.54,0.5,393.09,0.010000000000000009,0.535,1,KXHIGHNY-26SEP18
KXHIGHNY-26SEP18-B80.5,2026-09-18 06:00:00+00:00,0.41025641025641024,0.53,0.55,0.54,410.7,0.020000000000000018,0.54,1,KXHIGHNY-26SEP18
KXHIGHNY-26SEP18-B80.5,2026-09-18 07:00:00+00:00,0.4358974358974359,0.54,0.55,0.55,265.69,0.010000000000000009,0.545,1,KXHIGHNY-26SEP18
KXHIGHNY-26SEP18-B80.5,2026-09-18 08:00:00+00:00,0.46153846153846156,0.63,0.64,0.64,169.57,0.010000000000000009,0.635,1,KXHIGHNY-26SEP18
KXHIGHNY-26SEP18-B80.5,2026-09-18 09:00:00+00:00,0.48717948717948717,0.64,0.65,0.65,53.84,0.010000000000000009,0.645,1,KXHIGHNY-26SEP18
KXHIGHNY-26SEP18-B80.5,2026-09-18 10:00:00+00:00,0.5128205128205128,0.64,0.65,0.65,119.28,0.010000000000000009,0.645,1,KXHIGHNY-26SEP18
KXHIGHNY-26SEP18-B80.5,2026-09-18 11:00:00+00:00,0.5384615384615384,0.62,0.63,0.63,450.69,0.010000000000000009,0.625,1,KXHIGHNY-26SEP18
KXHIGHNY-26SEP18-B80.5,2026-09-18 12:00:00+00:00,0.5641025641025641,0.64,0.66,0.66,702.31,0.020000000000000018,0.65,1,KXHIGHNY-26SEP18
KXHIGHNY-26SEP18-B80.5,2026-09-18 13:00:00+00:00,0.5897435897435898,0.53,0.54,0.54,940.32,0.010000000000000009,0.535,1,KXHIGHNY-26SEP18
KXHIGHNY-26SEP18-B80.5,2026-09-18 14:00:00+00:00,0.6153846153846154,0.54,0.56,0.54,1842.12,0.020000000000000018,0.55,1,KXHIGHNY-26SEP18
KXHIGHNY-26SEP18-B80.5,2026-09-18 15:00:00+00:00,0.6410256410256411,0.56,0.59,0.57,1471.49,0.029999999999999916,0.575,1,KXHIGHNY-26SEP18
KXHIGHNY-26SEP18-B80.5,2026-09-18 16:00:00+00:00,0.6666666666666666,0.64,0.66,0.63,2008.57,0.020000000000000018,0.65,1,KXHIGHNY-26SEP18
KXHIGHNY-26SEP18-B80.5,2026-09-18 17:00:00+00:00,0.6923076923076923,0.59,0.6,0.6,1935.29,0.010000000000000009,0.595,1,KXHIGHNY-26SEP18
KXHIGHNY-26SEP18-B80.5,2026-09-18 18:00:00+00:00,0.717948717948718,0.7,0.74,0.71,4070.98,0.040000000000000036,0.72,1,KXHIGHNY-26SEP18
KXHIGHNY-26SEP18-B80.5,2026-09-18 19:00:00+00:00,0.7435897435897436,0.92,0.95,0.95,6589.22,0.029999999999999916,0.935,1,KXHIGHNY-26SEP18
KXHIGHNY-26SEP18-B80.5,2026-09-18 20:00:00+00:00,0.7692307692307693,0.96,0.98,0.96,5847.19,0.020000000000000018,0.97,1,KXHIGHNY-26SEP18
KXHIGHNY-26SEP18-B80.5,2026-09-18 21:00:00+00:00,0.7948717948717948,0.99,1.0,0.99,2322.43,0.010000000000000009,0.995,1,KXHIGHNY-26SEP18
KXHIGHNY-26SEP18-B80.5,2026-09-18 22:00:00+00:00,0.8205128205128205,0.99,1.0,0.99,1291.2,0.010000000000000009,0.995,1,KXHIGHNY-26SEP18
KXHIGHNY-26SEP18-B80.5,2026-09-18 23:00:00+00:00,0.8461538461538461,0.99,1.0,0.99,200.82,0.010000000000000009,0.995,1,KXHIGHNY-26SEP18
KXHIGHNY-26SEP18-B80.5,2026-09-19 00:00:00+00:00,0.8717948717948718,0.99,1.0,0.99,78.83,0.010000000000000009,0.995,1,KXHIGHNY-26SEP18
KXHIGHNY-26SEP18-B80.5,2026-09-19 01:00:00+00:00,0.8974358974358975,0.99,1.0,0.99,232.02,0.010000000000000009,0.995,1,KXHIGHNY-26SEP18
KXHIGHNY-26SEP18-B80.5,2026-09-19 02:00:00+00:00,0.9230769230769231,0.99,1.0,0.99,924.49,0.010000000000000009,0.995,1,KXHIGHNY-26SEP18
KXHIGHNY-26SEP18-B80.5,2026-09-19 03:00:00+00:00,0.9487179487179487,0.99,1.0,0.99,1353.45,0.010000000000000009,0.995,1,KXHIGHNY-26SEP18
KXHIGHNY-26SEP18-B80.5,2026-09-19 05:00:00+00:00,1.0,0.99,1.0,0.99,1220.06,0.010000000000000009,0.995,1,KXHIGHNY-26SEP18
KXHIGHNY-26SEP17-B80.5,2026-09-16 15:00:00+00:00,0.02564102564102564,0.38,0.42,0.39,212.63,0.03999999999999998,0.4,0,KXHIGHNY-26SEP17
KXHIGHNY-26SEP17-B80.5,2026-09-16 16:00:00+00:00,0.05128205128205128,0.41,0.45,0.5,211.41,0.040000000000000036,0.43,0,KXHIGHNY-26SEP17
KXHIGHNY-26SEP17-B80.5,2026-09-16 17:00:00+00:00,0.07692307692307693,0.47,0.48,0.46,83.64,0.010000000000000009,0.475,0,KXHIGHNY-26SEP17
KXHIGHNY-26SEP17-B80.5,2026-09-16 18:00:00+00:00,0.10256410256410256,0.42,0.43,0.41,362.05,0.010000000000000009,0.425,0,KXHIGHNY-26SEP17
KXHIGHNY-26SEP17-B80.5,2026-09-16 19:00:00+00:00,0.1282051282051282,0.42,0.43,0.43,105.0,0.010000000000000009,0.425,0,KXHIGHNY-26SEP17
KXHIGHNY-26SEP17-B80.5,2026-09-16 20:00:00+00:00,0.15384615384615385,0.43,0.44,0.44,76.72,0.010000000000000009,0.435,0,KXHIGHNY-26SEP17
KXHIGHNY-26SEP17-B80.5,2026-09-16 21:00:00+00:00,0.1794871794871795,0.49,0.5,0.49,1036.17,0.010000000000000009,0.495,0,KXHIGHNY-26SEP17
KXHIGHNY-26SEP17-B80.5,2026-09-16 22:00:00+00:00,0.20512820512820512,0.46,0.48,0.49,454.0,0.019999999999999962,0.47,0,KXHIGHNY-26SEP17
KXHIGHNY-26SEP17-B80.5,2026-09-16 23:00:00+00:00,0.23076923076923078,0.49,0.5,0.49,62.2,0.010000000000000009,0.495,0,KXHIGHNY-26SEP17
KXHIGHNY-26SEP17-B80.5,2026-09-17 00:00:00+00:00,0.2564102564102564,0.51,0.53,0.5,45.0,0.020000000000000018,0.52,0,KXHIGHNY-26SEP17
KXHIGHNY-26SEP17-B80.5,2026-09-17 01:00:00+00:00,0.28205128205128205,0.46,0.47,0.48,385.1,0.009999999999999953,0.46499999999999997,0,KXHIGHNY-26SEP17
KXHIGHNY-26SEP17-B80.5,2026-09-17 02:00:00+00:00,0.3076923076923077,0.47,0.49,0.49,1039.7,0.020000000000000018,0.48,0,KXHIGHNY-26SEP17
KXHIGHNY-26SEP17-B80.5,2026-09-17 03:00:00+00:00,0.3333333333333333,0.5,0.53,0.54,595.88,0.030000000000000027,0.515,0,KXHIGHNY-26SEP17
KXHIGHNY-26SEP17-B80.5,2026-09-17 04:00:00+00:00,0.358974358974359,0.57,0.58,0.58,627.72,0.010000000000000009,0.575,0,KXHIGHNY-26SEP17
KXHIGHNY-26SEP17-B80.5,2026-09-17 05:00:00+00:00,0.38461538461538464,0.55,0.58,0.55,127.93,0.029999999999999916,0.565,0,KXHIGHNY-26SEP17
KXHIGHNY-26SEP17-B80.5,2026-09-17 06:00:00+00:00,0.41025641025641024,0.58,0.59,0.59,237.45,0.010000000000000009,0.585,0,KXHIGHNY-26SEP17
KXHIGHNY-26SEP17-B80.5,2026-09-17 07:00:00+00:00,0.4358974358974359,0.58,0.6,0.58,470.46,0.020000000000000018,0.59,0,KXHIGHNY-26SEP17
KXHIGHNY-26SEP17-B80.5,2026-09-17 08:00:00+00:00,0.46153846153846156,0.58,0.6,,0.0,0.020000000000000018,0.59,0,KXHIGHNY-26SEP17
KXHIGHNY-26SEP17-B80.5,2026-09-17 10:00:00+00:00,0.5128205128205128,0.48,0.49,0.49,521.18,0.010000000000000009,0.485,0,KXHIGHNY-26SEP17
KXHIGHNY-26SEP17-B80.5,2026-09-17 11:00:00+00:00,0.5384615384615384,0.54,0.55,0.55,1148.52,0.010000000000000009,0.545,0,KXHIGHNY-26SEP17
KXHIGHNY-26SEP17-B80.5,2026-09-17 12:00:00+00:00,0.5641025641025641,0.53,0.54,0.53,969.16,0.010000000000000009,0.535,0,KXHIGHNY-26SEP17
KXHIGHNY-26SEP17-B80.5,2026-09-17 13:00:00+00:00,0.5897435897435898,0.52,0.53,0.51,1422.44,0.010000000000000009,0.525,0,KXHIGHNY-26SEP17
KXHIGHNY-26SEP17-B80.5,2026-09-17 14:00:00+00:00,0.6153846153846154,0.5,0.51,0.51,1695.87,0.010000000000000009,0.505,0,KXHIGHNY-26SEP17
KXHIGHNY-26SEP17-B80.5,2026-09-17 15:00:00+00:00,0.6410256410256411,0.35,0.36,0.35,5054.09,0.010000000000000009,0.355,0,KXHIGHNY-26SEP17
KXHIGHNY-26SEP17-B80.5,2026-09-17 16:00:00+00:00,0.6666666666666666,0.25,0.26,0.25,3001.11,0.010000000000000009,0.255,0,KXHIGHNY-26SEP17
KXHIGHNY-26SEP17-B80.5,2026-09-17 17:00:00+00:00,0.6923076923076923,0.0,0.01,0.01,5018.51,0.01,0.005,0,KXHIGHNY-26SEP17
KXHIGHNY-26SEP17-B80.5,2026-09-17 18:00:00+00:00,0.717948717948718,0.0,0.01,0.01,2370.71,0.01,0.005,0,KXHIGHNY-26SEP17
KXHIGHNY-26SEP17-B80.5,2026-09-17 19:00:00+00:00,0.7435897435897436,0.0,0.01,0.01,226.51,0.01,0.005,0,KXHIGHNY-26SEP17
KXHIGHNY-26SEP17-B80.5,2026-09-17 20:00:00+00:00,0.7692307692307693,0.0,0.01,0.01,509.93,0.01,0.005,0,KXHIGHNY-26SEP17
KXHIGHNY-26SEP17-B80.5,2026-09-17 21:00:00+00:00,0.7948717948717948,0.0,0.01,0.01,1376.63,0.01,0.005,0,KXHIGHNY-26SEP17
KXHIGHNY-26SEP17-B80.5,2026-09-17 22:00:00+00:00,0.8205128205128205,0.0,0.01,0.01,374.05,0.01,0.005,0,KXHIGHNY-26SEP17
KXHIGHNY-26SEP17-B80.5,2026-09-17 23:00:00+00:00,0.8461538461538461,0.0,0.01,0.01,2672.31,0.01,0.005,0,KXHIGHNY-26SEP17
KXHIGHNY-26SEP17-B80.5,2026-09-18 00:00:00+00:00,0.8717948717948718,0.0,0.01,0.01,765.07,0.01,0.005,0,KXHIGHNY-26SEP17
KXHIGHNY-26SEP17-B80.5,2026-09-18 01:00:00+00:00,0.8974358974358975,0.0,0.01,0.01,1870.35,0.01,0.005,0,KXHIGHNY-26SEP17
KXHIGHNY-26SEP17-B80.5,2026-09-18 02:00:00+00:00,0.9230769230769231,0.0,0.01,0.01,1184.21,0.01,0.005,0,KXHIGHNY-26SEP17
KXHIGHNY-26SEP17-B80.5,2026-09-18 03:00:00+00:00,0.9487179487179487,0.0,0.01,0.01,0.93,0.01,0.005,0,KXHIGHNY-26SEP17
KXHIGHNY-26SEP17-B80.5,2026-09-18 04:00:00+00:00,0.9743589743589743,0.0,0.01,0.01,2899.97,0.01,0.005,0,KXHIGHNY-26SEP17
KXHIGHNY-26SEP17-B80.5,2026-09-18 05:00:00+00:00,1.0,0.0,0.01,0.01,4821.16,0.01,0.005,0,KXHIGHNY-26SEP17
KXHIGHNY-26SEP16-B77.5,2026-09-15 15:00:00+00:00,0.02564102564102564,0.44,0.46,0.45,760.42,0.020000000000000018,0.45,1,KXHIGHNY-26SEP16
KXHIGHNY-26SEP16-B77.5,2026-09-15 16:00:00+00:00,0.05128205128205128,0.43,0.45,0.45,146.88,0.020000000000000018,0.44,1,KXHIGHNY-26SEP16
KXHIGHNY-26SEP16-B77.5,2026-09-15 17:00:00+00:00,0.07692307692307693,0.43,0.44,0.46,152.63,0.010000000000000009,0.435,1,KXHIGHNY-26SEP16
KXHIGHNY-26SEP16-B77.5,2026-09-15 18:00:00+00:00,0.10256410256410256,0.4,0.41,0.43,126.44,0.009999999999999953,0.405,1,KXHIGHNY-26SEP16
KXHIGHNY-26SEP16-B77.5,2026-09-15 19:00:00+00:00,0.1282051282051282,0.42,0.43,0.42,58.98,0.010000000000000009,0.425,1,KXHIGHNY-26SEP16
KXHIGHNY-26SEP16-B77.5,2026-09-15 20:00:00+00:00,0.15384615384615385,0.41,0.42,0.42,311.36,0.010000000000000009,0.415,1,KXHIGHNY-26SEP16
KXHIGHNY-26SEP16-B77.5,2026-09-15 21:00:00+00:00,0.1794871794871795,0.4,0.41,0.4,152.99,0.009999999999999953,0.405,1,KXHIGHNY-26SEP16
KXHIGHNY-26SEP16-B77.5,2026-09-15 22:00:00+00:00,0.20512820512820512,0.38,0.4,0.4,98.61,0.020000000000000018,0.39,1,KXHIGHNY-26SEP16
KXHIGHNY-26SEP16-B77.5,2026-09-15 23:00:00+00:00,0.23076923076923078,0.38,0.4,0.39,24.59,0.020000000000000018,0.39,1,KXHIGHNY-26SEP16
KXHIGHNY-26SEP16-B77.5,2026-09-16 00:00:00+00:00,0.2564102564102564,0.35,0.36,0.36,361.72,0.010000000000000009,0.355,1,KXHIGHNY-26SEP16
KXHIGHNY-26SEP16-B77.5,2026-09-16 01:00:00+00:00,0.28205128205128205,0.35,0.36,0.36,17.78,0.010000000000000009,0.355,1,KXHIGHNY-26SEP16
KXHIGHNY-26SEP16-B77.5,2026-09-16 02:00:00+00:00,0.3076923076923077,0.38,0.39,0.39,679.53,0.010000000000000009,0.385,1,KXHIGHNY-26SEP16
KXHIGHNY-26SEP16-B77.5,2026-09-16 03:00:00+00:00,0.3333333333333333,0.47,0.48,0.47,1275.29,0.010000000000000009,0.475,1,KXHIGHNY-26SEP16
KXHIGHNY-26SEP16-B77.5,2026-09-16 04:00:00+00:00,0.358974358974359,0.46,0.47,0.46,269.99,0.009999999999999953,0.46499999999999997,1,KXHIGHNY-26SEP16
KXHIGHNY-26SEP16-B77.5,2026-09-16 05:00:00+00:00,0.38461538461538464,0.47,0.48,0.47,697.15,0.010000000000000009,0.475,1,KXHIGHNY-26SEP16
KXHIGHNY-26SEP16-B77.5,2026-09-16 06:00:00+00:00,0.41025641025641024,0.47,0.48,0.47,219.23,0.010000000000000009,0.475,1,KXHIGHNY-26SEP16
KXHIGHNY-26SEP16-B77.5,2026-09-16 07:00:00+00:00,0.4358974358974359,0.51,0.53,0.52,235.31,0.020000000000000018,0.52,1,KXHIGHNY-26SEP16
KXHIGHNY-26SEP16-B77.5,2026-09-16 08:00:00+00:00,0.46153846153846156,0.5,0.51,0.51,240.23,0.010000000000000009,0.505,1,KXHIGHNY-26SEP16
KXHIGHNY-26SEP16-B77.5,2026-09-16 09:00:00+00:00,0.48717948717948717,0.52,0.53,0.5,14.79,0.010000000000000009,0.525,1,KXHIGHNY-26SEP16
KXHIGHNY-26SEP16-B77.5,2026-09-16 10:00:00+00:00,0.5128205128205128,0.57,0.59,0.59,386.62,0.020000000000000018,0.58,1,KXHIGHNY-26SEP16
KXHIGHNY-26SEP16-B77.5,2026-09-16 11:00:00+00:00,0.5384615384615384,0.56,0.58,0.58,175.65,0.019999999999999907,0.5700000000000001,1,KXHIGHNY-26SEP16
KXHIGHNY-26SEP16-B77.5,2026-09-16 12:00:00+00:00,0.5641025641025641,0.61,0.62,0.61,465.98,0.010000000000000009,0.615,1,KXHIGHNY-26SEP16
KXHIGHNY-26SEP16-B77.5,2026-09-16 13:00:00+00:00,0.5897435897435898,0.54,0.57,0.54,495.04,0.029999999999999916,0.5549999999999999,1,KXHIGHNY-26SEP16
KXHIGHNY-26SEP16-B77.5,2026-09-16 14:00:00+00:00,0.6153846153846154,0.58,0.59,0.62,752.09,0.010000000000000009,0.585,1,KXHIGHNY-26SEP16
KXHIGHNY-26SEP16-B77.5,2026-09-16 15:00:00+00:00,0.6410256410256411,0.57,0.58,0.61,727.25,0.010000000000000009,0.575,1,KXHIGHNY-26SEP16
KXHIGHNY-26SEP16-B77.5,2026-09-16 16:00:00+00:00,0.6666666666666666,0.61,0.63,0.63,883.88,0.020000000000000018,0.62,1,KXHIGHNY-26SEP16
KXHIGHNY-26SEP16-B77.5,2026-09-16 17:00:00+00:00,0.6923076923076923,0.68,0.71,0.71,1499.38,0.029999999999999916,0.6950000000000001,1,KXHIGHNY-26SEP16
KXHIGHNY-26SEP16-B77.5,2026-09-16 18:00:00+00:00,0.717948717948718,0.58,0.61,0.57,2100.19,0.030000000000000027,0.595,1,KXHIGHNY-26SEP16
KXHIGHNY-26SEP16-B77.5,2026-09-16 19:00:00+00:00,0.7435897435897436,0.5,0.51,0.51,3843.59,0.010000000000000009,0.505,1,KXHIGHNY-26SEP16
KXHIGHNY-26SEP16-B77.5,2026-09-16 20:00:00+00:00,0.7692307692307693,0.86,0.92,0.78,3024.8,0.06000000000000005,0.89,1,KXHIGHNY-26SEP16
KXHIGHNY-26SEP16-B77.5,2026-09-16 21:00:00+00:00,0.7948717948717948,0.99,1.0,0.99,6349.17,0.010000000000000009,0.995,1,KXHIGHNY-26SEP16
KXHIGHNY-26SEP16-B77.5,2026-09-16 22:00:00+00:00,0.8205128205128205,0.99,1.0,0.99,1368.66,0.010000000000000009,0.995,1,KXHIGHNY-26SEP16
KXHIGHNY-26SEP16-B77.5,2026-09-16 23:00:00+00:00,0.8461538461538461,0.99,1.0,0.99,67.13,0.010000000000000009,0.995,1,KXHIGHNY-26SEP16
KXHIGHNY-26SEP16-B77.5,2026-09-17 00:00:00+00:00,0.8717948717948718,0.99,1.0,0.99,195.31,0.010000000000000009,0.995,1,KXHIGHNY-26SEP16
KXHIGHNY-26SEP16-B77.5,2026-09-17 01:00:00+00:00,0.8974358974358975,0.99,1.0,0.99,203.5,0.010000000000000009,0.995,1,KXHIGHNY-26SEP16
KXHIGHNY-26SEP16-B77.5,2026-09-17 02:00:00+00:00,0.9230769230769231,0.99,1.0,0.99,25.32,0.010000000000000009,0.995,1,KXHIGHNY-26SEP16
KXHIGHNY-26SEP16-B77.5,2026-09-17 03:00:00+00:00,0.9487179487179487,0.99,1.0,0.99,262.01,0.010000000000000009,0.995,1,KXHIGHNY-26SEP16
KXHIGHNY-26SEP16-B77.5,2026-09-17 04:00:00+00:00,0.9743589743589743,0.99,1.0,0.99,670.2,0.010000000000000009,0.995,1,KXHIGHNY-26SEP16
KXHIGHNY-26SEP16-B77.5,2026-09-17 05:00:00+00:00,1.0,0.99,1.0,0.99,96.02,0.010000000000000009,0.995,1,KXHIGHNY-26SEP16
KXHIGHNY-26SEP15-B70.5,2026-09-14 15:00:00+00:00,0.02564102564102564,0.41,0.42,0.43,325.34,0.010000000000000009,0.415,0,KXHIGHNY-26SEP15
KXHIGHNY-26SEP15-B70.5,2026-09-14 16:00:00+00:00,0.05128205128205128,0.44,0.45,0.44,127.13,0.010000000000000009,0.445,0,KXHIGHNY-26SEP15
KXHIGHNY-26SEP15-B70.5,2026-09-14 17:00:00+00:00,0.07692307692307693,0.45,0.46,0.47,136.0,0.010000000000000009,0.455,0,KXHIGHNY-26SEP15
KXHIGHNY-26SEP15-B70.5,2026-09-14 18:00:00+00:00,0.10256410256410256,0.41,0.42,0.42,609.54,0.010000000000000009,0.415,0,KXHIGHNY-26SEP15
KXHIGHNY-26SEP15-B70.5,2026-09-14 19:00:00+00:00,0.1282051282051282,0.41,0.42,0.42,60.69,0.010000000000000009,0.415,0,KXHIGHNY-26SEP15
KXHIGHNY-26SEP15-B70.5,2026-09-14 20:00:00+00:00,0.15384615384615385,0.43,0.44,0.43,243.17,0.010000000000000009,0.435,0,KXHIGHNY-26SEP15
KXHIGHNY-26SEP15-B70.5,2026-09-14 21:00:00+00:00,0.1794871794871795,0.34,0.35,0.35,1300.98,0.009999999999999953,0.345,0,KXHIGHNY-26SEP15
KXHIGHNY-26SEP15-B70.5,2026-09-14 22:00:00+00:00,0.20512820512820512,0.31,0.32,0.32,71.61,0.010000000000000009,0.315,0,KXHIGHNY-26SEP15
KXHIGHNY-26SEP15-B70.5,2026-09-14 23:00:00+00:00,0.23076923076923078,0.33,0.35,0.35,262.45,0.019999999999999962,0.33999999999999997,0,KXHIGHNY-26SEP15
KXHIGHNY-26SEP15-B70.5,2026-09-15 00:00:00+00:00,0.2564102564102564,0.33,0.34,0.33,287.12,0.010000000000000009,0.335,0,KXHIGHNY-26SEP15
KXHIGHNY-26SEP15-B70.5,2026-09-15 01:00:00+00:00,0.28205128205128205,0.33,0.34,0.34,65.09,0.010000000000000009,0.335,0,KXHIGHNY-26SEP15
KXHIGHNY-26SEP15-B70.5,2026-09-15 02:00:00+00:00,0.3076923076923077,0.28,0.29,0.29,1167.96,0.009999999999999953,0.28500000000000003,0,KXHIGHNY-26SEP15
KXHIGHNY-26SEP15-B70.5,2026-09-15 03:00:00+00:00,0.3333333333333333,0.26,0.27,0.27,228.01,0.010000000000000009,0.265,0,KXHIGHNY-26SEP15
KXHIGHNY-26SEP15-B70.5,2026-09-15 04:00:00+00:00,0.358974358974359,0.23,0.26,0.22,137.89,0.03,0.245,0,KXHIGHNY-26SEP15
KXHIGHNY-26SEP15-B70.5,2026-09-15 05:00:00+00:00,0.38461538461538464,0.22,0.23,0.23,75.96,0.010000000000000009,0.225,0,KXHIGHNY-26SEP15
KXHIGHNY-26SEP15-B70.5,2026-09-15 06:00:00+00:00,0.41025641025641024,0.15,0.16,0.15,636.4,0.010000000000000009,0.155,0,KXHIGHNY-26SEP15
KXHIGHNY-26SEP15-B70.5,2026-09-15 07:00:00+00:00,0.4358974358974359,0.17,0.19,0.18,326.79,0.01999999999999999,0.18,0,KXHIGHNY-26SEP15
KXHIGHNY-26SEP15-B70.5,2026-09-15 08:00:00+00:00,0.46153846153846156,0.29,0.3,0.3,1066.14,0.010000000000000009,0.295,0,KXHIGHNY-26SEP15
KXHIGHNY-26SEP15-B70.5,2026-09-15 09:00:00+00:00,0.48717948717948717,0.27,0.3,0.29,106.59,0.02999999999999997,0.28500000000000003,0,KXHIGHNY-26SEP15
KXHIGHNY-26SEP15-B70.5,2026-09-15 10:00:00+00:00,0.5128205128205128,0.26,0.29,0.29,373.42,0.02999999999999997,0.275,0,KXHIGHNY-26SEP15
KXHIGHNY-26SEP15-B70.5,2026-09-15 11:00:00+00:00,0.5384615384615384,0.41,0.42,0.41,949.13,0.010000000000000009,0.415,0,KXHIGHNY-26SEP15
KXHIGHNY-26SEP15-B70.5,2026-09-15 12:00:00+00:00,0.5641025641025641,0.36,0.37,0.38,499.37,0.010000000000000009,0.365,0,KXHIGHNY-26SEP15
KXHIGHNY-26SEP15-B70.5,2026-09-15 13:00:00+00:00,0.5897435897435898,0.38,0.39,0.4,1244.28,0.010000000000000009,0.385,0,KXHIGHNY-26SEP15
KXHIGHNY-26SEP15-B70.5,2026-09-15 14:00:00+00:00,0.6153846153846154,0.22,0.23,0.22,3179.78,0.010000000000000009,0.225,0,KXHIGHNY-26SEP15
KXHIGHNY-26SEP15-B70.5,2026-09-15 15:00:00+00:00,0.6410256410256411,0.24,0.25,0.24,2638.0,0.010000000000000009,0.245,0,KXHIGHNY-26SEP15
KXHIGHNY-26SEP15-B70.5,2026-09-15 16:00:00+00:00,0.6666666666666666,0.37,0.38,0.37,1365.74,0.010000000000000009,0.375,0,KXHIGHNY-26SEP15
KXHIGHNY-26SEP15-B70.5,2026-09-15 17:00:00+00:00,0.6923076923076923,0.23,0.24,0.24,2094.87,0.009999999999999981,0.235,0,KXHIGHNY-26SEP15
KXHIGHNY-26SEP15-B70.5,2026-09-15 18:00:00+00:00,0.717948717948718,0.15,0.18,0.19,3991.46,0.03,0.16499999999999998,0,KXHIGHNY-26SEP15
KXHIGHNY-26SEP15-B70.5,2026-09-15 19:00:00+00:00,0.7435897435897436,0.13,0.17,0.13,1754.81,0.04000000000000001,0.15000000000000002,0,KXHIGHNY-26SEP15
KXHIGHNY-26SEP15-B70.5,2026-09-15 20:00:00+00:00,0.7692307692307693,0.15,0.2,0.2,3633.74,0.05000000000000002,0.175,0,KXHIGHNY-26SEP15
KXHIGHNY-26SEP15-B70.5,2026-09-15 21:00:00+00:00,0.7948717948717948,0.0,0.01,0.01,5614.69,0.01,0.005,0,KXHIGHNY-26SEP15
KXHIGHNY-26SEP15-B70.5,2026-09-15 22:00:00+00:00,0.8205128205128205,0.0,0.01,0.01,2751.04,0.01,0.005,0,KXHIGHNY-26SEP15
KXHIGHNY-26SEP15-B70.5,2026-09-15 23:00:00+00:00,0.8461538461538461,0.0,0.01,0.01,2370.07,0.01,0.005,0,KXHIGHNY-26SEP15
KXHIGHNY-26SEP15-B70.5,2026-09-16 00:00:00+00:00,0.8717948717948718,0.0,0.01,0.01,655.61,0.01,0.005,0,KXHIGHNY-26SEP15
KXHIGHNY-26SEP15-B70.5,2026-09-16 01:00:00+00:00,0.8974358974358975,0.0,0.01,0.01,146.51,0.01,0.005,0,KXHIGHNY-26SEP15
KXHIGHNY-26SEP15-B70.5,2026-09-16 02:00:00+00:00,0.9230769230769231,0.0,0.01,0.01,5.0,0.01,0.005,0,KXHIGHNY-26SEP15
KXHIGHNY-26SEP15-B70.5,2026-09-16 03:00:00+00:00,0.9487179487179487,0.0,0.01,0.01,859.82,0.01,0.005,0,KXHIGHNY-26SEP15
KXHIGHNY-26SEP15-B70.5,2026-09-16 04:00:00+00:00,0.9743589743589743,0.0,0.01,0.01,3394.87,0.01,0.005,0,KXHIGHNY-26SEP15
KXHIGHNY-26SEP15-B70.5,2026-09-16 05:00:00+00:00,1.0,0.0,0.01,0.01,4.25,0.01,0.005,0,KXHIGHNY-26SEP15
KXHIGHNY-26SEP14-B74.5,2026-09-13 15:00:00+00:00,0.02564102564102564,0.42,0.44,0.45,44.36,0.020000000000000018,0.43,1,KXHIGHNY-26SEP14
KXHIGHNY-26SEP14-B74.5,2026-09-13 16:00:00+00:00,0.05128205128205128,0.44,0.45,0.45,18.0,0.010000000000000009,0.445,1,KXHIGHNY-26SEP14
KXHIGHNY-26SEP14-B74.5,2026-09-13 17:00:00+00:00,0.07692307692307693,0.45,0.47,0.46,5.09,0.019999999999999962,0.45999999999999996,1,KXHIGHNY-26SEP14
KXHIGHNY-26SEP14-B74.5,2026-09-13 18:00:00+00:00,0.10256410256410256,0.47,0.48,0.47,87.95,0.010000000000000009,0.475,1,KXHIGHNY-26SEP14
KXHIGHNY-26SEP14-B74.5,2026-09-13 19:00:00+00:00,0.1282051282051282,0.47,0.48,0.47,43.17,0.010000000000000009,0.475,1,KXHIGHNY-26SEP14
KXHIGHNY-26SEP14-B74.5,2026-09-13 20:00:00+00:00,0.15384615384615385,0.48,0.49,0.48,85.24,0.010000000000000009,0.485,1,KXHIGHNY-26SEP14
KXHIGHNY-26SEP14-B74.5,2026-09-13 21:00:00+00:00,0.1794871794871795,0.5,0.54,0.55,1213.86,0.040000000000000036,0.52,1,KXHIGHNY-26SEP14
KXHIGHNY-26SEP14-B74.5,2026-09-13 22:00:00+00:00,0.20512820512820512,0.46,0.47,0.46,119.59,0.009999999999999953,0.46499999999999997,1,KXHIGHNY-26SEP14
KXHIGHNY-26SEP14-B74.5,2026-09-13 23:00:00+00:00,0.23076923076923078,0.49,0.53,0.49,367.75,0.040000000000000036,0.51,1,KXHIGHNY-26SEP14
KXHIGHNY-26SEP14-B74.5,2026-09-14 00:00:00+00:00,0.2564102564102564,0.56,0.57,0.56,553.44,0.009999999999999898,0.565,1,KXHIGHNY-26SEP14
KXHIGHNY-26SEP14-B74.5,2026-09-14 01:00:00+00:00,0.28205128205128205,0.57,0.58,0.57,435.28,0.010000000000000009,0.575,1,KXHIGHNY-26SEP14
KXHIGHNY-26SEP14-B74.5,2026-09-14 02:00:00+00:00,0.3076923076923077,0.56,0.57,0.57,887.14,0.009999999999999898,0.565,1,KXHIGHNY-26SEP14
KXHIGHNY-26SEP14-B74.5,2026-09-14 03:00:00+00:00,0.3333333333333333,0.52,0.53,0.54,659.88,0.010000000000000009,0.525,1,KXHIGHNY-26SEP14
KXHIGHNY-26SEP14-B74.5,2026-09-14 04:00:00+00:00,0.358974358974359,0.58,0.62,0.62,1176.1,0.040000000000000036,0.6,1,KXHIGHNY-26SEP14
KXHIGHNY-26SEP14-B74.5,2026-09-14 05:00:00+00:00,0.38461538461538464,0.59,0.62,0.62,659.45,0.030000000000000027,0.605,1,KXHIGHNY-26SEP14
KXHIGHNY-26SEP14-B74.5,2026-09-14 06:00:00+00:00,0.41025641025641024,0.78,0.79,0.78,1240.87,0.010000000000000009,0.785,1,KXHIGHNY-26SEP14
KXHIGHNY-26SEP14-B74.5,2026-09-14 07:00:00+00:00,0.4358974358974359,0.77,0.8,0.8,498.36,0.030000000000000027,0.785,1,KXHIGHNY-26SEP14
KXHIGHNY-26SEP14-B74.5,2026-09-14 08:00:00+00:00,0.46153846153846156,0.69,0.7,0.7,952.81,0.010000000000000009,0.695,1,KXHIGHNY-26SEP14
KXHIGHNY-26SEP14-B74.5,2026-09-14 09:00:00+00:00,0.48717948717948717,0.69,0.71,0.71,197.04,0.020000000000000018,0.7,1,KXHIGHNY-26SEP14
KXHIGHNY-26SEP14-B74.5,2026-09-14 10:00:00+00:00,0.5128205128205128,0.68,0.69,0.69,86.94,0.009999999999999898,0.685,1,KXHIGHNY-26SEP14
KXHIGHNY-26SEP14-B74.5,2026-09-14 11:00:00+00:00,0.5384615384615384,0.63,0.66,0.64,411.88,0.030000000000000027,0.645,1,KXHIGHNY-26SEP14
KXHIGHNY-26SEP14-B74.5,2026-09-14 12:00:00+00:00,0.5641025641025641,0.62,0.64,0.65,567.39,0.020000000000000018,0.63,1,KXHIGHNY-26SEP14
KXHIGHNY-26SEP14-B74.5,2026-09-14 13:00:00+00:00,0.5897435897435898,0.8,0.81,0.82,2656.39,0.010000000000000009,0.805,1,KXHIGHNY-26SEP14
KXHIGHNY-26SEP14-B74.5,2026-09-14 14:00:00+00:00,0.6153846153846154,0.78,0.79,0.81,1229.31,0.010000000000000009,0.785,1,KXHIGHNY-26SEP14
KXHIGHNY-26SEP14-B74.5,2026-09-14 15:00:00+00:00,0.6410256410256411,0.7,0.72,0.69,1911.69,0.020000000000000018,0.71,1,KXHIGHNY-26SEP14
KXHIGHNY-26SEP14-B74.5,2026-09-14 16:00:00+00:00,0.6666666666666666,0.81,0.82,0.82,999.08,0.009999999999999898,0.815,1,KXHIGHNY-26SEP14
KXHIGHNY-26SEP14-B74.5,2026-09-14 17:00:00+00:00,0.6923076923076923,0.79,0.81,0.81,2748.05,0.020000000000000018,0.8,1,KXHIGHNY-26SEP14
KXHIGHNY-26SEP14-B74.5,2026-09-14 18:00:00+00:00,0.717948717948718,0.85,0.86,0.81,1982.01,0.010000000000000009,0.855,1,KXHIGHNY-26SEP14
KXHIGHNY-26SEP14-B74.5,2026-09-14 19:00:00+00:00,0.7435897435897436,0.83,0.86,0.82,1905.53,0.030000000000000027,0.845,1,KXHIGHNY-26SEP14
KXHIGHNY-26SEP14-B74.5,2026-09-14 20:00:00+00:00,0.7692307692307693,0.95,0.96,0.96,6009.75,0.010000000000000009,0.955,1,KXHIGHNY-26SEP14
KXHIGHNY-26SEP14-B74.5,2026-09-14 21:00:00+00:00,0.7948717948717948,0.99,1.0,0.99,4258.01,0.010000000000000009,0.995,1,KXHIGHNY-26SEP14
KXHIGHNY-26SEP14-B74.5,2026-09-14 22:00:00+00:00,0.8205128205128205,0.99,1.0,0.99,6054.58,0.010000000000000009,0.995,1,KXHIGHNY-26SEP14
KXHIGHNY-26SEP14-B74.5,2026-09-14 23:00:00+00:00,0.8461538461538461,0.99,1.0,0.99,1129.32,0.010000000000000009,0.995,1,KXHIGHNY-26SEP14
KXHIGHNY-26SEP14-B74.5,2026-09-15 00:00:00+00:00,0.8717948717948718,0.99,1.0,0.99,179.17,0.010000000000000009,0.995,1,KXHIGHNY-26SEP14
KXHIGHNY-26SEP14-B74.5,2026-09-15 01:00:00+00:00,0.8974358974358975,0.99,1.0,0.99,9987.42,0.010000000000000009,0.995,1,KXHIGHNY-26SEP14
KXHIGHNY-26SEP14-B74.5,2026-09-15 02:00:00+00:00,0.9230769230769231,0.99,1.0,0.99,448.75,0.010000000000000009,0.995,1,KXHIGHNY-26SEP14
KXHIGHNY-26SEP14-B74.5,2026-09-15 03:00:00+00:00,0.9487179487179487,0.99,1.0,0.99,948.08,0.010000000000000009,0.995,1,KXHIGHNY-26SEP14
KXHIGHNY-26SEP14-B74.5,2026-09-15 04:00:00+00:00,0.9743589743589743,0.99,1.0,0.99,287.55,0.010000000000000009,0.995,1,KXHIGHNY-26SEP14
KXHIGHNY-26SEP14-B74.5,2026-09-15 05:00:00+00:00,1.0,0.99,1.0,0.99,572.16,0.010000000000000009,0.995,1,KXHIGHNY-26SEP14
KXHIGHNY-26SEP13-T78,2026-09-12 15:00:00+00:00,0.02564102564102564,0.39,0.4,0.4,317.97,0.010000000000000009,0.395,0,KXHIGHNY-26SEP13
KXHIGHNY-26SEP13-T78,2026-09-12 16:00:00+00:00,0.05128205128205128,0.39,0.4,0.39,35.0,0.010000000000000009,0.395,0,KXHIGHNY-26SEP13
KXHIGHNY-26SEP13-T78,2026-09-12 17:00:00+00:00,0.07692307692307693,0.34,0.35,0.34,28.2,0.009999999999999953,0.345,0,KXHIGHNY-26SEP13
KXHIGHNY-26SEP13-T78,2026-09-12 18:00:00+00:00,0.10256410256410256,0.3,0.31,0.31,44.02,0.010000000000000009,0.305,0,KXHIGHNY-26SEP13
KXHIGHNY-26SEP13-T78,2026-09-12 19:00:00+00:00,0.1282051282051282,0.3,0.31,0.3,2.0,0.010000000000000009,0.305,0,KXHIGHNY-26SEP13
KXHIGHNY-26SEP13-T78,2026-09-12 20:00:00+00:00,0.15384615384615385,0.16,0.17,0.17,826.55,0.010000000000000009,0.165,0,KXHIGHNY-26SEP13
KXHIGHNY-26SEP13-T78,2026-09-12 21:00:00+00:00,0.1794871794871795,0.17,0.18,0.18,17.0,0.009999999999999981,0.175,0,KXHIGHNY-26SEP13
KXHIGHNY-26SEP13-T78,2026-09-12 22:00:00+00:00,0.20512820512820512,0.23,0.26,0.26,695.1,0.03,0.245,0,KXHIGHNY-26SEP13
KXHIGHNY-26SEP13-T78,2026-09-12 23:00:00+00:00,0.23076923076923078,0.26,0.28,0.26,73.07,0.020000000000000018,0.27,0,KXHIGHNY-26SEP13
KXHIGHNY-26SEP13-T78,2026-09-13 00:00:00+00:00,0.2564102564102564,0.26,0.27,0.26,94.0,0.010000000000000009,0.265,0,KXHIGHNY-26SEP13
KXHIGHNY-26SEP13-T78,2026-09-13 01:00:00+00:00,0.28205128205128205,0.26,0.27,0.27,128.61,0.010000000000000009,0.265,0,KXHIGHNY-26SEP13
KXHIGHNY-26SEP13-T78,2026-09-13 02:00:00+00:00,0.3076923076923077,0.27,0.28,0.27,90.46,0.010000000000000009,0.275,0,KXHIGHNY-26SEP13
KXHIGHNY-26SEP13-T78,2026-09-13 03:00:00+00:00,0.3333333333333333,0.28,0.3,0.3,254.49,0.019999999999999962,0.29000000000000004,0,KXHIGHNY-26SEP13
KXHIGHNY-26SEP13-T78,2026-09-13 04:00:00+00:00,0.358974358974359,0.24,0.26,0.24,735.53,0.020000000000000018,0.25,0,KXHIGHNY-26SEP13
KXHIGHNY-26SEP13-T78,2026-09-13 05:00:00+00:00,0.38461538461538464,0.25,0.27,0.27,1035.25,0.020000000000000018,0.26,0,KXHIGHNY-26SEP13
KXHIGHNY-26SEP13-T78,2026-09-13 06:00:00+00:00,0.41025641025641024,0.35,0.37,0.39,1534.66,0.020000000000000018,0.36,0,KXHIGHNY-26SEP13
KXHIGHNY-26SEP13-T78,2026-09-13 07:00:00+00:00,0.4358974358974359,0.36,0.37,0.37,798.35,0.010000000000000009,0.365,0,KXHIGHNY-26SEP13
KXHIGHNY-26SEP13-T78,2026-09-13 08:00:00+00:00,0.46153846153846156,0.36,0.39,0.4,334.57,0.030000000000000027,0.375,0,KXHIGHNY-26SEP13
KXHIGHNY-26SEP13-T78,2026-09-13 09:00:00+00:00,0.48717948717948717,0.35,0.36,0.36,234.01,0.010000000000000009,0.355,0,KXHIGHNY-26SEP13
KXHIGHNY-26SEP13-T78,2026-09-13 10:00:00+00:00,0.5128205128205128,0.33,0.34,0.34,201.61,0.010000000000000009,0.335,0,KXHIGHNY-26SEP13
KXHIGHNY-26SEP13-T78,2026-09-13 11:00:00+00:00,0.5384615384615384,0.38,0.4,0.38,602.45,0.020000000000000018,0.39,0,KXHIGHNY-26SEP13
KXHIGHNY-26SEP13-T78,2026-09-13 12:00:00+00:00,0.5641025641025641,0.27,0.3,0.29,490.3,0.02999999999999997,0.28500000000000003,0,KXHIGHNY-26SEP13
KXHIGHNY-26SEP13-T78,2026-09-13 13:00:00+00:00,0.5897435897435898,0.33,0.34,0.33,696.98,0.010000000000000009,0.335,0,KXHIGHNY-26SEP13
KXHIGHNY-26SEP13-T78,2026-09-13 14:00:00+00:00,0.6153846153846154,0.36,0.37,0.36,1661.61,0.010000000000000009,0.365,0,KXHIGHNY-26SEP13
KXHIGHNY-26SEP13-T78,2026-09-13 15:00:00+00:00,0.6410256410256411,0.6,0.62,0.6,2320.83,0.020000000000000018,0.61,0,KXHIGHNY-26SEP13
KXHIGHNY-26SEP13-T78,2026-09-13 16:00:00+00:00,0.6666666666666666,0.63,0.66,0.66,1313.88,0.030000000000000027,0.645,0,KXHIGHNY-26SEP13
KXHIGHNY-26SEP13-T78,2026-09-13 17:00:00+00:00,0.6923076923076923,0.76,0.77,0.77,2897.46,0.010000000000000009,0.765,0,KXHIGHNY-26SEP13
KXHIGHNY-26SEP13-T78,2026-09-13 18:00:00+00:00,0.717948717948718,0.66,0.67,0.67,2492.78,0.010000000000000009,0.665,0,KXHIGHNY-26SEP13
KXHIGHNY-26SEP13-T78,2026-09-13 19:00:00+00:00,0.7435897435897436,0.77,0.79,0.79,5193.03,0.020000000000000018,0.78,0,KXHIGHNY-26SEP13
KXHIGHNY-26SEP13-T78,2026-09-13 20:00:00+00:00,0.7692307692307693,0.26,0.29,0.25,5949.46,0.02999999999999997,0.275,0,KXHIGHNY-26SEP13
KXHIGHNY-26SEP13-T78,2026-09-13 21:00:00+00:00,0.7948717948717948,0.0,0.01,0.01,6440.06,0.01,0.005,0,KXHIGHNY-26SEP13
KXHIGHNY-26SEP13-T78,2026-09-13 22:00:00+00:00,0.8205128205128205,0.0,0.01,0.01,2561.44,0.01,0.005,0,KXHIGHNY-26SEP13
KXHIGHNY-26SEP13-T78,2026-09-13 23:00:00+00:00,0.8461538461538461,0.0,0.01,0.01,2255.73,0.01,0.005,0,KXHIGHNY-26SEP13
KXHIGHNY-26SEP13-T78,2026-09-14 00:00:00+00:00,0.8717948717948718,0.0,0.01,0.01,1129.83,0.01,0.005,0,KXHIGHNY-26SEP13
KXHIGHNY-26SEP13-T78,2026-09-14 01:00:00+00:00,0.8974358974358975,0.0,0.01,0.01,687.76,0.01,0.005,0,KXHIGHNY-26SEP13
KXHIGHNY-26SEP13-T78,2026-09-14 02:00:00+00:00,0.9230769230769231,0.0,0.01,0.01,3595.05,0.01,0.005,0,KXHIGHNY-26SEP13
KXHIGHNY-26SEP13-T78,2026-09-14 03:00:00+00:00,0.9487179487179487,0.0,0.01,0.01,3001.07,0.01,0.005,0,KXHIGHNY-26SEP13
KXHIGHNY-26SEP13-T78,2026-09-14 04:00:00+00:00,0.9743589743589743,0.0,0.01,0.01,2384.63,0.01,0.005,0,KXHIGHNY-26SEP13
KXHIGHNY-26SEP13-T78,2026-09-14 05:00:00+00:00,1.0,0.0,0.01,0.01,948.18,0.01,0.005,0,KXHIGHNY-26SEP13
KXHIGHNY-26SEP12-B77.5,2026-09-11 15:00:00+00:00,0.02564102564102564,0.39,0.4,0.4,116.02,0.010000000000000009,0.395,1,KXHIGHNY-26SEP12
KXHIGHNY-26SEP12-B77.5,2026-09-11 16:00:00+00:00,0.05128205128205128,0.42,0.44,0.44,17.16,0.020000000000000018,0.43,1,KXHIGHNY-26SEP12
KXHIGHNY-26SEP12-B77.5,2026-09-11 17:00:00+00:00,0.07692307692307693,0.44,0.46,0.44,289.25,0.020000000000000018,0.45,1,KXHIGHNY-26SEP12
KXHIGHNY-26SEP12-B77.5,2026-09-11 18:00:00+00:00,0.10256410256410256,0.48,0.49,0.49,154.99,0.010000000000000009,0.485,1,KXHIGHNY-26SEP12
KXHIGHNY-26SEP12-B77.5,2026-09-11 19:00:00+00:00,0.1282051282051282,0.48,0.49,0.49,118.0,0.010000000000000009,0.485,1,KXHIGHNY-26SEP12
KXHIGHNY-26SEP12-B77.5,2026-09-11 20:00:00+00:00,0.15384615384615385,0.48,0.49,0.49,41.0,0.010000000000000009,0.485,1,KXHIGHNY-26SEP12
KXHIGHNY-26SEP12-B77.5,2026-09-11 21:00:00+00:00,0.1794871794871795,0.48,0.49,0.48,404.0,0.010000000000000009,0.485,1,KXHIGHNY-26SEP12
KXHIGHNY-26SEP12-B77.5,2026-09-11 22:00:00+00:00,0.20512820512820512,0.47,0.49,0.49,119.25,0.020000000000000018,0.48,1,KXHIGHNY-26SEP12
KXHIGHNY-26SEP12-B77.5,2026-09-11 23:00:00+00:00,0.23076923076923078,0.48,0.5,0.5,104.23,0.020000000000000018,0.49,1,KXHIGHNY-26SEP12
KXHIGHNY-26SEP12-B77.5,2026-09-12 00:00:00+00:00,0.2564102564102564,0.47,0.52,0.52,170.03,0.050000000000000044,0.495,1,KXHIGHNY-26SEP12
KXHIGHNY-26SEP12-B77.5,2026-09-12 01:00:00+00:00,0.28205128205128205,0.5,0.51,0.51,10.19,0.010000000000000009,0.505,1,KXHIGHNY-26SEP12
KXHIGHNY-26SEP12-B77.5,2026-09-12 02:00:00+00:00,0.3076923076923077,0.49,0.5,0.5,259.16,0.010000000000000009,0.495,1,KXHIGHNY-26SEP12
KXHIGHNY-26SEP12-B77.5,2026-09-12 03:00:00+00:00,0.3333333333333333,0.46,0.47,0.47,117.96,0.009999999999999953,0.46499999999999997,1,KXHIGHNY-26SEP12
KXHIGHNY-26SEP12-B77.5,2026-09-12 04:00:00+00:00,0.358974358974359,0.48,0.49,0.49,203.02,0.010000000000000009,0.485,1,KXHIGHNY-26SEP12
KXHIGHNY-26SEP12-B77.5,2026-09-12 05:00:00+00:00,0.38461538461538464,0.49,0.51,0.51,395.42,0.020000000000000018,0.5,1,KXHIGHNY-26SEP12
KXHIGHNY-26SEP12-B77.5,2026-09-12 06:00:00+00:00,0.41025641025641024,0.47,0.48,0.48,242.72,0.010000000000000009,0.475,1,KXHIGHNY-26SEP12
KXHIGHNY-26SEP12-B77.5,2026-09-12 07:00:00+00:00,0.4358974358974359,0.5,0.51,0.51,379.36,0.010000000000000009,0.505,1,KXHIGHNY-26SEP12
KXHIGHNY-26SEP12-B77.5,2026-09-12 08:00:00+00:00,0.46153846153846156,0.55,0.57,0.57,271.33,0.019999999999999907,0.56,1,KXHIGHNY-26SEP12
KXHIGHNY-26SEP12-B77.5,2026-09-12 09:00:00+00:00,0.48717948717948717,0.59,0.6,0.59,25.16,0.010000000000000009,0.595,1,KXHIGHNY-26SEP12
KXHIGHNY-26SEP12-B77.5,2026-09-12 10:00:00+00:00,0.5128205128205128,0.62,0.63,0.63,358.59,0.010000000000000009,0.625,1,KXHIGHNY-26SEP12
KXHIGHNY-26SEP12-B77.5,2026-09-12 11:00:00+00:00,0.5384615384615384,0.58,0.59,0.6,276.18,0.010000000000000009,0.585,1,KXHIGHNY-26SEP12
KXHIGHNY-26SEP12-B77.5,2026-09-12 12:00:00+00:00,0.5641025641025641,0.57,0.58,0.58,534.54,0.010000000000000009,0.575,1,KXHIGHNY-26SEP12
KXHIGHNY-26SEP12-B77.5,2026-09-12 13:00:00+00:00,0.5897435897435898,0.52,0.54,0.53,506.12,0.020000000000000018,0.53,1,KXHIGHNY-26SEP12
KXHIGHNY-26SEP12-B77.5,2026-09-12 14:00:00+00:00,0.6153846153846154,0.54,0.55,0.55,846.93,0.010000000000000009,0.545,1,KXHIGHNY-26SEP12
KXHIGHNY-26SEP12-B77.5,2026-09-12 15:00:00+00:00,0.6410256410256411,0.6,0.62,0.62,911.58,0.020000000000000018,0.61,1,KXHIGHNY-26SEP12
KXHIGHNY-26SEP12-B77.5,2026-09-12 16:00:00+00:00,0.6666666666666666,0.66,0.69,0.66,2878.78,0.029999999999999916,0.675,1,KXHIGHNY-26SEP12
KXHIGHNY-26SEP12-B77.5,2026-09-12 17:00:00+00:00,0.6923076923076923,0.73,0.75,0.74,1668.74,0.020000000000000018,0.74,1,KXHIGHNY-26SEP12
KXHIGHNY-26SEP12-B77.5,2026-09-12 18:00:00+00:00,0.717948717948718,0.79,0.83,0.79,2382.45,0.039999999999999925,0.81,1,KXHIGHNY-26SEP12
KXHIGHNY-26SEP12-B77.5,2026-09-12 19:00:00+00:00,0.7435897435897436,0.87,0.92,0.87,2930.24,0.050000000000000044,0.895,1,KXHIGHNY-26SEP12
KXHIGHNY-26SEP12-B77.5,2026-09-12 20:00:00+00:00,0.7692307692307693,0.93,0.97,0.97,3456.0,0.039999999999999925,0.95,1,KXHIGHNY-26SEP12
KXHIGHNY-26SEP12-B77.5,2026-09-12 21:00:00+00:00,0.7948717948717948,0.99,1.0,0.99,4146.98,0.010000000000000009,0.995,1,KXHIGHNY-26SEP12
KXHIGHNY-26SEP12-B77.5,2026-09-12 22:00:00+00:00,0.8205128205128205,0.99,1.0,0.99,1206.35,0.010000000000000009,0.995,1,KXHIGHNY-26SEP12
KXHIGHNY-26SEP12-B77.5,2026-09-12 23:00:00+00:00,0.8461538461538461,0.99,1.0,0.99,74.17,0.010000000000000009,0.995,1,KXHIGHNY-26SEP12
KXHIGHNY-26SEP12-B77.5,2026-09-13 00:00:00+00:00,0.8717948717948718,0.99,1.0,0.99,558.33,0.010000000000000009,0.995,1,KXHIGHNY-26SEP12
KXHIGHNY-26SEP12-B77.5,2026-09-13 01:00:00+00:00,0.8974358974358975,0.99,1.0,0.99,38.09,0.010000000000000009,0.995,1,KXHIGHNY-26SEP12
KXHIGHNY-26SEP12-B77.5,2026-09-13 02:00:00+00:00,0.9230769230769231,0.99,1.0,0.99,206.63,0.010000000000000009,0.995,1,KXHIGHNY-26SEP12
KXHIGHNY-26SEP12-B77.5,2026-09-13 03:00:00+00:00,0.9487179487179487,0.99,1.0,0.99,11.91,0.010000000000000009,0.995,1,KXHIGHNY-26SEP12
KXHIGHNY-26SEP12-B77.5,2026-09-13 04:00:00+00:00,0.9743589743589743,0.99,1.0,0.99,516.93,0.010000000000000009,0.995,1,KXHIGHNY-26SEP12
KXHIGHNY-26SEP12-B77.5,2026-09-13 05:00:00+00:00,1.0,0.99,1.0,0.99,62.55,0.010000000000000009,0.995,1,KXHIGHNY-26SEP12
KXHIGHNY-26SEP11-B79.5,2026-09-10 15:00:00+00:00,0.02564102564102564,0.41,0.42,0.42,292.04,0.010000000000000009,0.415,1,KXHIGHNY-26SEP11
KXHIGHNY-26SEP11-B79.5,2026-09-10 16:00:00+00:00,0.05128205128205128,0.43,0.44,0.42,5.0,0.010000000000000009,0.435,1,KXHIGHNY-26SEP11
KXHIGHNY-26SEP11-B79.5,2026-09-10 17:00:00+00:00,0.07692307692307693,0.44,0.45,0.45,10.27,0.010000000000000009,0.445,1,KXHIGHNY-26SEP11
KXHIGHNY-26SEP11-B79.5,2026-09-10 18:00:00+00:00,0.10256410256410256,0.46,0.47,0.47,74.0,0.009999999999999953,0.46499999999999997,1,KXHIGHNY-26SEP11
KXHIGHNY-26SEP11-B79.5,2026-09-10 19:00:00+00:00,0.1282051282051282,0.48,0.49,0.48,33.0,0.010000000000000009,0.485,1,KXHIGHNY-26SEP11
KXHIGHNY-26SEP11-B79.5,2026-09-10 20:00:00+00:00,0.15384615384615385,0.49,0.5,0.5,225.88,0.010000000000000009,0.495,1,KXHIGHNY-26SEP11
KXHIGHNY-26SEP11-B79.5,2026-09-10 21:00:00+00:00,0.1794871794871795,0.48,0.49,0.49,113.52,0.010000000000000009,0.485,1,KXHIGHNY-26SEP11
KXHIGHNY-26SEP11-B79.5,2026-09-10 22:00:00+00:00,0.20512820512820512,0.47,0.48,0.47,149.95,0.010000000000000009,0.475,1,KXHIGHNY-26SEP11
KXHIGHNY-26SEP11-B79.5,2026-09-10 23:00:00+00:00,0.23076923076923078,0.46,0.47,0.46,54.89,0.009999999999999953,0.46499999999999997,1,KXHIGHNY-26SEP11
KXHIGHNY-26SEP11-B79.5,2026-09-11 00:00:00+00:00,0.2564102564102564,0.51,0.52,0.52,314.7,0.010000000000000009,0.515,1,KXHIGHNY-26SEP11
KXHIGHNY-26SEP11-B79.5,2026-09-11 01:00:00+00:00,0.28205128205128205,0.51,0.52,0.51,77.0,0.010000000000000009,0.515,1,KXHIGHNY-26SEP11
KXHIGHNY-26SEP11-B79.5,2026-09-11 02:00:00+00:00,0.3076923076923077,0.48,0.49,0.49,469.76,0.010000000000000009,0.485,1,KXHIGHNY-26SEP11
KXHIGHNY-26SEP11-B79.5,2026-09-11 03:00:00+00:00,0.3333333333333333,0.47,0.48,0.48,255.59,0.010000000000000009,0.475,1,KXHIGHNY-26SEP11
KXHIGHNY-26SEP11-B79.5,2026-09-11 04:00:00+00:00,0.358974358974359,0.47,0.49,0.48,127.23,0.020000000000000018,0.48,1,KXHIGHNY-26SEP11
KXHIGHNY-26SEP11-B79.5,2026-09-11 05:00:00+00:00,0.38461538461538464,0.46,0.47,0.48,42.06,0.009999999999999953,0.46499999999999997,1,KXHIGHNY-26SEP11
KXHIGHNY-26SEP11-B79.5,2026-09-11 06:00:00+00:00,0.41025641025641024,0.46,0.47,0.46,331.87,0.009999999999999953,0.46499999999999997,1,KXHIGHNY-26SEP11
KXHIGHNY-26SEP11-B79.5,2026-09-11 07:00:00+00:00,0.4358974358974359,0.5,0.51,0.5,366.06,0.010000000000000009,0.505,1,KXHIGHNY-26SEP11
KXHIGHNY-26SEP11-B79.5,2026-09-11 08:00:00+00:00,0.46153846153846156,0.55,0.56,0.56,507.55,0.010000000000000009,0.555,1,KXHIGHNY-26SEP11
KXHIGHNY-26SEP11-B79.5,2026-09-11 09:00:00+00:00,0.48717948717948717,0.55,0.56,0.56,155.06,0.010000000000000009,0.555,1,KXHIGHNY-26SEP11
KXHIGHNY-26SEP11-B79.5,2026-09-11 10:00:00+00:00,0.5128205128205128,0.57,0.58,0.57,157.22,0.010000000000000009,0.575,1,KXHIGHNY-26SEP11
KXHIGHNY-26SEP11-B79.5,2026-09-11 11:00:00+00:00,0.5384615384615384,0.5,0.51,0.51,171.32,0.010000000000000009,0.505,1,KXHIGHNY-26SEP11
KXHIGHNY-26SEP11-B79.5,2026-09-11 12:00:00+00:00,0.5641025641025641,0.52,0.54,0.54,1124.21,0.020000000000000018,0.53,1,KXHIGHNY-26SEP11
KXHIGHNY-26SEP11-B79.5,2026-09-11 13:00:00+00:00,0.5897435897435898,0.49,0.5,0.49,1858.18,0.010000000000000009,0.495,1,KXHIGHNY-26SEP11
KXHIGHNY-26SEP11-B79.5,2026-09-11 14:00:00+00:00,0.6153846153846154,0.42,0.43,0.43,2027.69,0.010000000000000009,0.425,1,KXHIGHNY-26SEP11
KXHIGHNY-26SEP11-B79.5,2026-09-11 15:00:00+00:00,0.6410256410256411,0.55,0.57,0.56,2034.51,0.019999999999999907,0.56,1,KXHIGHNY-26SEP11
KXHIGHNY-26SEP11-B79.5,2026-09-11 16:00:00+00:00,0.6666666666666666,0.49,0.51,0.51,1766.42,0.020000000000000018,0.5,1,KXHIGHNY-26SEP11
KXHIGHNY-26SEP11-B79.5,2026-09-11 17:00:00+00:00,0.6923076923076923,0.65,0.67,0.67,2933.91,0.020000000000000018,0.66,1,KXHIGHNY-26SEP11
KXHIGHNY-26SEP11-B79.5,2026-09-11 18:00:00+00:00,0.717948717948718,0.69,0.72,0.72,2738.38,0.030000000000000027,0.705,1,KXHIGHNY-26SEP11
KXHIGHNY-26SEP11-B79.5,2026-09-11 19:00:00+00:00,0.7435897435897436,0.72,0.73,0.73,3065.88,0.010000000000000009,0.725,1,KXHIGHNY-26SEP11
KXHIGHNY-26SEP11-B79.5,2026-09-11 20:00:00+00:00,0.7692307692307693,0.72,0.73,0.73,1833.53,0.010000000000000009,0.725,1,KXHIGHNY-26SEP11
KXHIGHNY-26SEP11-B79.5,2026-09-11 21:00:00+00:00,0.7948717948717948,0.99,1.0,0.99,11889.54,0.010000000000000009,0.995,1,KXHIGHNY-26SEP11
KXHIGHNY-26SEP11-B79.5,2026-09-11 22:00:00+00:00,0.8205128205128205,0.99,1.0,0.99,644.13,0.010000000000000009,0.995,1,KXHIGHNY-26SEP11
KXHIGHNY-26SEP11-B79.5,2026-09-11 23:00:00+00:00,0.8461538461538461,0.99,1.0,0.99,3923.32,0.010000000000000009,0.995,1,KXHIGHNY-26SEP11
KXHIGHNY-26SEP11-B79.5,2026-09-12 00:00:00+00:00,0.8717948717948718,0.99,1.0,0.99,274.51,0.010000000000000009,0.995,1,KXHIGHNY-26SEP11
KXHIGHNY-26SEP11-B79.5,2026-09-12 01:00:00+00:00,0.8974358974358975,0.99,1.0,0.99,133.02,0.010000000000000009,0.995,1,KXHIGHNY-26SEP11
KXHIGHNY-26SEP11-B79.5,2026-09-12 02:00:00+00:00,0.9230769230769231,0.99,1.0,0.99,9.44,0.010000000000000009,0.995,1,KXHIGHNY-26SEP11
KXHIGHNY-26SEP11-B79.5,2026-09-12 03:00:00+00:00,0.9487179487179487,0.99,1.0,0.99,99.05,0.010000000000000009,0.995,1,KXHIGHNY-26SEP11
KXHIGHNY-26SEP11-B79.5,2026-09-12 04:00:00+00:00,0.9743589743589743,0.99,1.0,0.99,2474.3,0.010000000000000009,0.995,1,KXHIGHNY-26SEP11
KXHIGHNY-26SEP11-B79.5,2026-09-12 05:00:00+00:00,1.0,0.99,1.0,0.99,81.14,0.010000000000000009,0.995,1,KXHIGHNY-26SEP11
KXHIGHNY-26SEP10-B85.5,2026-09-09 15:00:00+00:00,0.02564102564102564,0.4,0.41,0.41,227.64,0.009999999999999953,0.405,0,KXHIGHNY-26SEP10
KXHIGHNY-26SEP10-B85.5,2026-09-09 16:00:00+00:00,0.05128205128205128,0.41,0.43,0.43,27.59,0.020000000000000018,0.42,0,KXHIGHNY-26SEP10
KXHIGHNY-26SEP10-B85.5,2026-09-09 17:00:00+00:00,0.07692307692307693,0.41,0.42,0.43,11.0,0.010000000000000009,0.415,0,KXHIGHNY-26SEP10
KXHIGHNY-26SEP10-B85.5,2026-09-09 18:00:00+00:00,0.10256410256410256,0.41,0.42,0.42,119.22,0.010000000000000009,0.415,0,KXHIGHNY-26SEP10
KXHIGHNY-26SEP10-B85.5,2026-09-09 19:00:00+00:00,0.1282051282051282,0.41,0.42,0.42,1.0,0.010000000000000009,0.415,0,KXHIGHNY-26SEP10
KXHIGHNY-26SEP10-B85.5,2026-09-09 20:00:00+00:00,0.15384615384615385,0.39,0.4,0.4,44.69,0.010000000000000009,0.395,0,KXHIGHNY-26SEP10
KXHIGHNY-26SEP10-B85.5,2026-09-09 21:00:00+00:00,0.1794871794871795,0.39,0.4,0.4,97.0,0.010000000000000009,0.395,0,KXHIGHNY-26SEP10
KXHIGHNY-26SEP10-B85.5,2026-09-09 22:00:00+00:00,0.20512820512820512,0.38,0.39,0.42,162.54,0.010000000000000009,0.385,0,KXHIGHNY-26SEP10
KXHIGHNY-26SEP10-B85.5,2026-09-09 23:00:00+00:00,0.23076923076923078,0.37,0.38,0.38,160.59,0.010000000000000009,0.375,0,KXHIGHNY-26SEP10
KXHIGHNY-26SEP10-B85.5,2026-09-10 00:00:00+00:00,0.2564102564102564,0.35,0.36,0.36,81.94,0.010000000000000009,0.355,0,KXHIGHNY-26SEP10
KXHIGHNY-26SEP10-B85.5,2026-09-10 01:00:00+00:00,0.28205128205128205,0.39,0.4,0.4,437.59,0.010000000000000009,0.395,0,KXHIGHNY-26SEP10
KXHIGHNY-26SEP10-B85.5,2026-09-10 02:00:00+00:00,0.3076923076923077,0.44,0.45,0.45,335.98,0.010000000000000009,0.445,0,KXHIGHNY-26SEP10
KXHIGHNY-26SEP10-B85.5,2026-09-10 03:00:00+00:00,0.3333333333333333,0.4,0.41,0.41,611.81,0.009999999999999953,0.405,0,KXHIGHNY-26SEP10
KXHIGHNY-26SEP10-B85.5,2026-09-10 04:00:00+00:00,0.358974358974359,0.4,0.42,0.4,167.05,0.019999999999999962,0.41000000000000003,0,KXHIGHNY-26SEP10
KXHIGHNY-26SEP10-B85.5,2026-09-10 05:00:00+00:00,0.38461538461538464,0.4,0.44,0.45,147.03,0.03999999999999998,0.42000000000000004,0,KXHIGHNY-26SEP10
KXHIGHNY-26SEP10-B85.5,2026-09-10 06:00:00+00:00,0.41025641025641024,0.42,0.44,0.42,81.42,0.020000000000000018,0.43,0,KXHIGHNY-26SEP10
KXHIGHNY-26SEP10-B85.5,2026-09-10 07:00:00+00:00,0.4358974358974359,0.43,0.44,0.44,71.54,0.010000000000000009,0.435,0,KXHIGHNY-26SEP10
KXHIGHNY-26SEP10-B85.5,2026-09-10 08:00:00+00:00,0.46153846153846156,0.39,0.44,,0.0,0.04999999999999999,0.41500000000000004,0,KXHIGHNY-26SEP10
KXHIGHNY-26SEP10-B85.5,2026-09-10 10:00:00+00:00,0.5128205128205128,0.48,0.51,0.51,369.28,0.030000000000000027,0.495,0,KXHIGHNY-26SEP10
KXHIGHNY-26SEP10-B85.5,2026-09-10 11:00:00+00:00,0.5384615384615384,0.52,0.53,0.53,744.52,0.010000000000000009,0.525,0,KXHIGHNY-26SEP10
KXHIGHNY-26SEP10-B85.5,2026-09-10 12:00:00+00:00,0.5641025641025641,0.5,0.51,0.51,661.48,0.010000000000000009,0.505,0,KXHIGHNY-26SEP10
KXHIGHNY-26SEP10-B85.5,2026-09-10 13:00:00+00:00,0.5897435897435898,0.52,0.54,0.53,460.02,0.020000000000000018,0.53,0,KXHIGHNY-26SEP10
KXHIGHNY-26SEP10-B85.5,2026-09-10 14:00:00+00:00,0.6153846153846154,0.54,0.57,0.54,906.92,0.029999999999999916,0.5549999999999999,0,KXHIGHNY-26SEP10
KXHIGHNY-26SEP10-B85.5,2026-09-10 15:00:00+00:00,0.6410256410256411,0.6,0.62,0.6,1772.63,0.020000000000000018,0.61,0,KXHIGHNY-26SEP10
KXHIGHNY-26SEP10-B85.5,2026-09-10 16:00:00+00:00,0.6666666666666666,0.62,0.66,0.62,1382.06,0.040000000000000036,0.64,0,KXHIGHNY-26SEP10
KXHIGHNY-26SEP10-B85.5,2026-09-10 17:00:00+00:00,0.6923076923076923,0.63,0.64,0.64,1770.35,0.010000000000000009,0.635,0,KXHIGHNY-26SEP10
KXHIGHNY-26SEP10-B85.5,2026-09-10 18:00:00+00:00,0.717948717948718,0.56,0.61,0.6,1237.17,0.04999999999999993,0.585,0,KXHIGHNY-26SEP10
KXHIGHNY-26SEP10-B85.5,2026-09-10 19:00:00+00:00,0.7435897435897436,0.32,0.33,0.32,3980.21,0.010000000000000009,0.325,0,KXHIGHNY-26SEP10
KXHIGHNY-26SEP10-B85.5,2026-09-10 20:00:00+00:00,0.7692307692307693,0.79,0.8,0.8,7351.35,0.010000000000000009,0.795,0,KXHIGHNY-26SEP10
KXHIGHNY-26SEP10-B85.5,2026-09-10 21:00:00+00:00,0.7948717948717948,0.16,0.18,0.17,6173.18,0.01999999999999999,0.16999999999999998,0,KXHIGHNY-26SEP10
KXHIGHNY-26SEP10-B85.5,2026-09-10 22:00:00+00:00,0.8205128205128205,0.01,0.03,0.01,9340.28,0.019999999999999997,0.02,0,KXHIGHNY-26SEP10
KXHIGHNY-26SEP10-B85.5,2026-09-10 23:00:00+00:00,0.8461538461538461,0.01,0.02,0.01,5918.34,0.01,0.015,0,KXHIGHNY-26SEP10
KXHIGHNY-26SEP10-B85.5,2026-09-11 00:00:00+00:00,0.8717948717948718,0.0,0.01,0.01,2967.28,0.01,0.005,0,KXHIGHNY-26SEP10
KXHIGHNY-26SEP10-B85.5,2026-09-11 01:00:00+00:00,0.8974358974358975,0.0,0.01,0.01,2663.26,0.01,0.005,0,KXHIGHNY-26SEP10
KXHIGHNY-26SEP10-B85.5,2026-09-11 02:00:00+00:00,0.9230769230769231,0.0,0.01,0.01,3119.23,0.01,0.005,0,KXHIGHNY-26SEP10
KXHIGHNY-26SEP10-B85.5,2026-09-11 03:00:00+00:00,0.9487179487179487,0.0,0.01,0.01,1746.47,0.01,0.005,0,KXHIGHNY-26SEP10
KXHIGHNY-26SEP10-B85.5,2026-09-11 04:00:00+00:00,0.9743589743589743,0.0,0.01,0.01,4917.23,0.01,0.005,0,KXHIGHNY-26SEP10
KXHIGHNY-26SEP10-B85.5,2026-09-11 05:00:00+00:00,1.0,0.0,0.01,0.01,2718.15,0.01,0.005,0,KXHIGHNY-26SEP10
KXHIGHNY-26SEP09-T84,2026-09-08 15:00:00+00:00,0.02564102564102564,0.44,0.45,0.45,667.4,0.010000000000000009,0.445,1,KXHIGHNY-26SEP09
KXHIGHNY-26SEP09-T84,2026-09-08 16:00:00+00:00,0.05128205128205128,0.42,0.43,0.44,80.78,0.010000000000000009,0.425,1,KXHIGHNY-26SEP09
KXHIGHNY-26SEP09-T84,2026-09-08 17:00:00+00:00,0.07692307692307693,0.38,0.39,0.39,145.0,0.010000000000000009,0.385,1,KXHIGHNY-26SEP09
KXHIGHNY-26SEP09-T84,2026-09-08 18:00:00+00:00,0.10256410256410256,0.41,0.42,0.42,191.27,0.010000000000000009,0.415,1,KXHIGHNY-26SEP09
KXHIGHNY-26SEP09-T84,2026-09-08 19:00:00+00:00,0.1282051282051282,0.41,0.42,0.43,177.28,0.010000000000000009,0.415,1,KXHIGHNY-26SEP09
KXHIGHNY-26SEP09-T84,2026-09-08 20:00:00+00:00,0.15384615384615385,0.4,0.41,0.41,46.0,0.009999999999999953,0.405,1,KXHIGHNY-26SEP09
KXHIGHNY-26SEP09-T84,2026-09-08 21:00:00+00:00,0.1794871794871795,0.42,0.43,0.42,197.56,0.010000000000000009,0.425,1,KXHIGHNY-26SEP09
KXHIGHNY-26SEP09-T84,2026-09-08 22:00:00+00:00,0.20512820512820512,0.41,0.43,0.42,409.38,0.020000000000000018,0.42,1,KXHIGHNY-26SEP09
KXHIGHNY-26SEP09-T84,2026-09-08 23:00:00+00:00,0.23076923076923078,0.44,0.45,0.45,85.25,0.010000000000000009,0.445,1,KXHIGHNY-26SEP09
KXHIGHNY-26SEP09-T84,2026-09-09 00:00:00+00:00,0.2564102564102564,0.44,0.45,0.45,512.79,0.010000000000000009,0.445,1,KXHIGHNY-26SEP09
KXHIGHNY-26SEP09-T84,2026-09-09 01:00:00+00:00,0.28205128205128205,0.44,0.45,0.45,214.0,0.010000000000000009,0.445,1,KXHIGHNY-26SEP09
KXHIGHNY-26SEP09-T84,2026-09-09 02:00:00+00:00,0.3076923076923077,0.43,0.44,0.44,242.78,0.010000000000000009,0.435,1,KXHIGHNY-26SEP09
KXHIGHNY-26SEP09-T84,2026-09-09 03:00:00+00:00,0.3333333333333333,0.48,0.49,0.48,957.46,0.010000000000000009,0.485,1,KXHIGHNY-26SEP09
KXHIGHNY-26SEP09-T84,2026-09-09 04:00:00+00:00,0.358974358974359,0.49,0.5,0.5,514.55,0.010000000000000009,0.495,1,KXHIGHNY-26SEP09
KXHIGHNY-26SEP09-T84,2026-09-09 05:00:00+00:00,0.38461538461538464,0.51,0.54,0.54,656.97,0.030000000000000027,0.525,1,KXHIGHNY-26SEP09
KXHIGHNY-26SEP09-T84,2026-09-09 06:00:00+00:00,0.41025641025641024,0.6,0.61,0.61,1077.11,0.010000000000000009,0.605,1,KXHIGHNY-26SEP09
KXHIGHNY-26SEP09-T84,2026-09-09 07:00:00+00:00,0.4358974358974359,0.61,0.62,0.62,97.1,0.010000000000000009,0.615,1,KXHIGHNY-26SEP09
KXHIGHNY-26SEP09-T84,2026-09-09 08:00:00+00:00,0.46153846153846156,0.66,0.69,0.65,267.35,0.029999999999999916,0.675,1,KXHIGHNY-26SEP09
KXHIGHNY-26SEP09-T84,2026-09-09 09:00:00+00:00,0.48717948717948717,0.69,0.7,0.7,497.36,0.010000000000000009,0.695,1,KXHIGHNY-26SEP09
KXHIGHNY-26SEP09-T84,2026-09-09 10:00:00+00:00,0.5128205128205128,0.67,0.68,0.67,230.82,0.010000000000000009,0.675,1,KXHIGHNY-26SEP09
KXHIGHNY-26SEP09-T84,2026-09-09 11:00:00+00:00,0.5384615384615384,0.6,0.61,0.6,757.64,0.010000000000000009,0.605,1,KXHIGHNY-26SEP09
KXHIGHNY-26SEP09-T84,2026-09-09 12:00:00+00:00,0.5641025641025641,0.5,0.51,0.5,1109.14,0.010000000000000009,0.505,1,KXHIGHNY-26SEP09
KXHIGHNY-26SEP09-T84,2026-09-09 13:00:00+00:00,0.5897435897435898,0.51,0.52,0.52,1818.5,0.010000000000000009,0.515,1,KXHIGHNY-26SEP09
KXHIGHNY-26SEP09-T84,2026-09-09 14:00:00+00:00,0.6153846153846154,0.54,0.56,0.55,2714.42,0.020000000000000018,0.55,1,KXHIGHNY-26SEP09
KXHIGHNY-26SEP09-T84,2026-09-09 15:00:00+00:00,0.6410256410256411,0.58,0.61,0.57,2812.71,0.030000000000000027,0.595,1,KXHIGHNY-26SEP09
KXHIGHNY-26SEP09-T84,2026-09-09 16:00:00+00:00,0.6666666666666666,0.58,0.63,0.62,2917.83,0.050000000000000044,0.605,1,KXHIGHNY-26SEP09
KXHIGHNY-26SEP09-T84,2026-09-09 17:00:00+00:00,0.6923076923076923,0.54,0.56,0.57,2837.44,0.020000000000000018,0.55,1,KXHIGHNY-26SEP09
KXHIGHNY-26SEP09-T84,2026-09-09 18:00:00+00:00,0.717948717948718,0.79,0.8,0.8,4386.12,0.010000000000000009,0.795,1,KXHIGHNY-26SEP09
KXHIGHNY-26SEP09-T84,2026-09-09 19:00:00+00:00,0.7435897435897436,0.96,0.98,0.98,6309.48,0.020000000000000018,0.97,1,KXHIGHNY-26SEP09
KXHIGHNY-26SEP09-T84,2026-09-09 20:00:00+00:00,0.7692307692307693,0.96,0.99,0.98,5225.86,0.030000000000000027,0.975,1,KXHIGHNY-26SEP09
KXHIGHNY-26SEP09-T84,2026-09-09 21:00:00+00:00,0.7948717948717948,0.99,1.0,0.99,15075.11,0.010000000000000009,0.995,1,KXHIGHNY-26SEP09
KXHIGHNY-26SEP09-T84,2026-09-09 22:00:00+00:00,0.8205128205128205,0.99,1.0,0.99,807.71,0.010000000000000009,0.995,1,KXHIGHNY-26SEP09
KXHIGHNY-26SEP09-T84,2026-09-09 23:00:00+00:00,0.8461538461538461,0.99,1.0,0.99,282.38,0.010000000000000009,0.995,1,KXHIGHNY-26SEP09
KXHIGHNY-26SEP09-T84,2026-09-10 00:00:00+00:00,0.8717948717948718,0.99,1.0,0.99,118.73,0.010000000000000009,0.995,1,KXHIGHNY-26SEP09
KXHIGHNY-26SEP09-T84,2026-09-10 01:00:00+00:00,0.8974358974358975,0.99,1.0,0.99,50.59,0.010000000000000009,0.995,1,KXHIGHNY-26SEP09
KXHIGHNY-26SEP09-T84,2026-09-10 02:00:00+00:00,0.9230769230769231,0.99,1.0,0.99,35.93,0.010000000000000009,0.995,1,KXHIGHNY-26SEP09
KXHIGHNY-26SEP09-T84,2026-09-10 03:00:00+00:00,0.9487179487179487,0.99,1.0,0.99,3018.47,0.010000000000000009,0.995,1,KXHIGHNY-26SEP09
KXHIGHNY-26SEP09-T84,2026-09-10 04:00:00+00:00,0.9743589743589743,0.99,1.0,0.99,383.02,0.010000000000000009,0.995,1,KXHIGHNY-26SEP09
KXHIGHNY-26SEP09-T84,2026-09-10 05:00:00+00:00,1.0,0.99,1.0,0.99,145.24,0.010000000000000009,0.995,1,KXHIGHNY-26SEP09
KXHIGHNY-26SEP08-B80.5,2026-09-07 15:00:00+00:00,0.02564102564102564,0.42,0.43,0.45,24.0,0.010000000000000009,0.425,1,KXHIGHNY-26SEP08
KXHIGHNY-26SEP08-B80.5,2026-09-07 16:00:00+00:00,0.05128205128205128,0.42,0.43,0.43,82.15,0.010000000000000009,0.425,1,KXHIGHNY-26SEP08
KXHIGHNY-26SEP08-B80.5,2026-09-07 17:00:00+00:00,0.07692307692307693,0.43,0.44,0.44,78.63,0.010000000000000009,0.435,1,KXHIGHNY-26SEP08
KXHIGHNY-26SEP08-B80.5,2026-09-07 18:00:00+00:00,0.10256410256410256,0.47,0.49,0.48,112.85,0.020000000000000018,0.48,1,KXHIGHNY-26SEP08
KXHIGHNY-26SEP08-B80.5,2026-09-07 19:00:00+00:00,0.1282051282051282,0.45,0.49,0.46,146.0,0.03999999999999998,0.47,1,KXHIGHNY-26SEP08
KXHIGHNY-26SEP08-B80.5,2026-09-07 20:00:00+00:00,0.15384615384615385,0.47,0.48,0.47,14.46,0.010000000000000009,0.475,1,KXHIGHNY-26SEP08
KXHIGHNY-26SEP08-B80.5,2026-09-07 21:00:00+00:00,0.1794871794871795,0.44,0.45,0.45,66.0,0.010000000000000009,0.445,1,KXHIGHNY-26SEP08
KXHIGHNY-26SEP08-B80.5,2026-09-07 22:00:00+00:00,0.20512820512820512,0.43,0.44,0.43,121.49,0.010000000000000009,0.435,1,KXHIGHNY-26SEP08
KXHIGHNY-26SEP08-B80.5,2026-09-07 23:00:00+00:00,0.23076923076923078,0.44,0.45,0.44,253.15,0.010000000000000009,0.445,1,KXHIGHNY-26SEP08
KXHIGHNY-26SEP08-B80.5,2026-09-08 00:00:00+00:00,0.2564102564102564,0.43,0.45,0.46,94.89,0.020000000000000018,0.44,1,KXHIGHNY-26SEP08
KXHIGHNY-26SEP08-B80.5,2026-09-08 01:00:00+00:00,0.28205128205128205,0.42,0.43,0.42,80.12,0.010000000000000009,0.425,1,KXHIGHNY-26SEP08
KXHIGHNY-26SEP08-B80.5,2026-09-08 02:00:00+00:00,0.3076923076923077,0.47,0.48,0.51,550.68,0.010000000000000009,0.475,1,KXHIGHNY-26SEP08
KXHIGHNY-26SEP08-B80.5,2026-09-08 03:00:00+00:00,0.3333333333333333,0.52,0.53,0.53,742.65,0.010000000000000009,0.525,1,KXHIGHNY-26SEP08
KXHIGHNY-26SEP08-B80.5,2026-09-08 04:00:00+00:00,0.358974358974359,0.48,0.5,0.48,296.58,0.020000000000000018,0.49,1,KXHIGHNY-26SEP08
KXHIGHNY-26SEP08-B80.5,2026-09-08 05:00:00+00:00,0.38461538461538464,0.49,0.51,0.5,282.81,0.020000000000000018,0.5,1,KXHIGHNY-26SEP08
KXHIGHNY-26SEP08-B80.5,2026-09-08 06:00:00+00:00,0.41025641025641024,0.53,0.54,0.54,266.58,0.010000000000000009,0.535,1,KXHIGHNY-26SEP08
KXHIGHNY-26SEP08-B80.5,2026-09-08 07:00:00+00:00,0.4358974358974359,0.53,0.54,0.54,110.04,0.010000000000000009,0.535,1,KXHIGHNY-26SEP08
KXHIGHNY-26SEP08-B80.5,2026-09-08 08:00:00+00:00,0.46153846153846156,0.5,0.52,0.5,105.77,0.020000000000000018,0.51,1,KXHIGHNY-26SEP08
KXHIGHNY-26SEP08-B80.5,2026-09-08 09:00:00+00:00,0.48717948717948717,0.57,0.58,0.56,323.38,0.010000000000000009,0.575,1,KXHIGHNY-26SEP08
KXHIGHNY-26SEP08-B80.5,2026-09-08 10:00:00+00:00,0.5128205128205128,0.63,0.64,0.63,222.48,0.010000000000000009,0.635,1,KXHIGHNY-26SEP08
KXHIGHNY-26SEP08-B80.5,2026-09-08 11:00:00+00:00,0.5384615384615384,0.6,0.61,0.59,306.78,0.010000000000000009,0.605,1,KXHIGHNY-26SEP08
KXHIGHNY-26SEP08-B80.5,2026-09-08 12:00:00+00:00,0.5641025641025641,0.59,0.61,0.61,421.45,0.020000000000000018,0.6,1,KXHIGHNY-26SEP08
KXHIGHNY-26SEP08-B80.5,2026-09-08 13:00:00+00:00,0.5897435897435898,0.59,0.6,0.59,791.14,0.010000000000000009,0.595,1,KXHIGHNY-26SEP08
KXHIGHNY-26SEP08-B80.5,2026-09-08 14:00:00+00:00,0.6153846153846154,0.53,0.55,0.54,1032.99,0.020000000000000018,0.54,1,KXHIGHNY-26SEP08
KXHIGHNY-26SEP08-B80.5,2026-09-08 15:00:00+00:00,0.6410256410256411,0.48,0.5,0.51,909.82,0.020000000000000018,0.49,1,KXHIGHNY-26SEP08
KXHIGHNY-26SEP08-B80.5,2026-09-08 16:00:00+00:00,0.6666666666666666,0.63,0.64,0.63,1753.02,0.010000000000000009,0.635,1,KXHIGHNY-26SEP08
KXHIGHNY-26SEP08-B80.5,2026-09-08 17:00:00+00:00,0.6923076923076923,0.67,0.68,0.68,2187.15,0.010000000000000009,0.675,1,KXHIGHNY-26SEP08
KXHIGHNY-26SEP08-B80.5,2026-09-08 18:00:00+00:00,0.717948717948718,0.72,0.73,0.73,1088.92,0.010000000000000009,0.725,1,KXHIGHNY-26SEP08
KXHIGHNY-26SEP08-B80.5,2026-09-08 19:00:00+00:00,0.7435897435897436,0.77,0.8,0.77,2145.6,0.030000000000000027,0.785,1,KXHIGHNY-26SEP08
KXHIGHNY-26SEP08-B80.5,2026-09-08 20:00:00+00:00,0.7692307692307693,0.65,0.66,0.66,3974.47,0.010000000000000009,0.655,1,KXHIGHNY-26SEP08
KXHIGHNY-26SEP08-B80.5,2026-09-08 21:00:00+00:00,0.7948717948717948,0.99,1.0,0.99,7853.13,0.010000000000000009,0.995,1,KXHIGHNY-26SEP08
KXHIGHNY-26SEP08-B80.5,2026-09-08 22:00:00+00:00,0.8205128205128205,0.99,1.0,0.99,1780.22,0.010000000000000009,0.995,1,KXHIGHNY-26SEP08
KXHIGHNY-26SEP08-B80.5,2026-09-08 23:00:00+00:00,0.8461538461538461,0.99,1.0,0.99,3647.28,0.010000000000000009,0.995,1,KXHIGHNY-26SEP08
KXHIGHNY-26SEP08-B80.5,2026-09-09 00:00:00+00:00,0.8717948717948718,0.99,1.0,0.99,6246.45,0.010000000000000009,0.995,1,KXHIGHNY-26SEP08
KXHIGHNY-26SEP08-B80.5,2026-09-09 01:00:00+00:00,0.8974358974358975,0.99,1.0,0.99,209.35,0.010000000000000009,0.995,1,KXHIGHNY-26SEP08
KXHIGHNY-26SEP08-B80.5,2026-09-09 02:00:00+00:00,0.9230769230769231,0.99,1.0,0.99,239.2,0.010000000000000009,0.995,1,KXHIGHNY-26SEP08
KXHIGHNY-26SEP08-B80.5,2026-09-09 03:00:00+00:00,0.9487179487179487,0.99,1.0,0.99,1090.14,0.010000000000000009,0.995,1,KXHIGHNY-26SEP08
KXHIGHNY-26SEP08-B80.5,2026-09-09 04:00:00+00:00,0.9743589743589743,0.99,1.0,0.99,1028.7,0.010000000000000009,0.995,1,KXHIGHNY-26SEP08
KXHIGHNY-26SEP08-B80.5,2026-09-09 05:00:00+00:00,1.0,0.99,1.0,0.99,10.28,0.010000000000000009,0.995,1,KXHIGHNY-26SEP08
KXHIGHNY-26SEP07-B79.5,2026-09-06 15:00:00+00:00,0.02564102564102564,0.45,0.48,0.46,468.35,0.02999999999999997,0.46499999999999997,0,KXHIGHNY-26SEP07
KXHIGHNY-26SEP07-B79.5,2026-09-06 16:00:00+00:00,0.05128205128205128,0.48,0.49,0.49,53.0,0.010000000000000009,0.485,0,KXHIGHNY-26SEP07
KXHIGHNY-26SEP07-B79.5,2026-09-06 17:00:00+00:00,0.07692307692307693,0.5,0.51,0.5,113.0,0.010000000000000009,0.505,0,KXHIGHNY-26SEP07
KXHIGHNY-26SEP07-B79.5,2026-09-06 18:00:00+00:00,0.10256410256410256,0.48,0.5,0.49,154.39,0.020000000000000018,0.49,0,KXHIGHNY-26SEP07
KXHIGHNY-26SEP07-B79.5,2026-09-06 19:00:00+00:00,0.1282051282051282,0.47,0.48,0.48,27.01,0.010000000000000009,0.475,0,KXHIGHNY-26SEP07
KXHIGHNY-26SEP07-B79.5,2026-09-06 20:00:00+00:00,0.15384615384615385,0.48,0.49,0.49,145.95,0.010000000000000009,0.485,0,KXHIGHNY-26SEP07
KXHIGHNY-26SEP07-B79.5,2026-09-06 21:00:00+00:00,0.1794871794871795,0.48,0.49,0.45,206.0,0.010000000000000009,0.485,0,KXHIGHNY-26SEP07
KXHIGHNY-26SEP07-B79.5,2026-09-06 22:00:00+00:00,0.20512820512820512,0.5,0.51,0.51,394.07,0.010000000000000009,0.505,0,KXHIGHNY-26SEP07
KXHIGHNY-26SEP07-B79.5,2026-09-06 23:00:00+00:00,0.23076923076923078,0.53,0.55,0.56,282.8,0.020000000000000018,0.54,0,KXHIGHNY-26SEP07
KXHIGHNY-26SEP07-B79.5,2026-09-07 00:00:00+00:00,0.2564102564102564,0.51,0.53,0.55,123.27,0.020000000000000018,0.52,0,KXHIGHNY-26SEP07
KXHIGHNY-26SEP07-B79.5,2026-09-07 01:00:00+00:00,0.28205128205128205,0.5,0.51,0.51,82.5,0.010000000000000009,0.505,0,KXHIGHNY-26SEP07
KXHIGHNY-26SEP07-B79.5,2026-09-07 02:00:00+00:00,0.3076923076923077,0.55,0.56,0.55,409.34,0.010000000000000009,0.555,0,KXHIGHNY-26SEP07
KXHIGHNY-26SEP07-B79.5,2026-09-07 03:00:00+00:00,0.3333333333333333,0.56,0.58,0.58,339.24,0.019999999999999907,0.5700000000000001,0,KXHIGHNY-26SEP07
KXHIGHNY-26SEP07-B79.5,2026-09-07 04:00:00+00:00,0.358974358974359,0.59,0.6,0.6,188.53,0.010000000000000009,0.595,0,KXHIGHNY-26SEP07
KXHIGHNY-26SEP07-B79.5,2026-09-07 05:00:00+00:00,0.38461538461538464,0.6,0.61,0.6,411.71,0.010000000000000009,0.605,0,KXHIGHNY-26SEP07
KXHIGHNY-26SEP07-B79.5,2026-09-07 06:00:00+00:00,0.41025641025641024,0.56,0.57,0.56,434.72,0.009999999999999898,0.565,0,KXHIGHNY-26SEP07
KXHIGHNY-26SEP07-B79.5,2026-09-07 07:00:00+00:00,0.4358974358974359,0.64,0.65,0.65,138.2,0.010000000000000009,0.645,0,KXHIGHNY-26SEP07
KXHIGHNY-26SEP07-B79.5,2026-09-07 08:00:00+00:00,0.46153846153846156,0.61,0.62,0.61,65.8,0.010000000000000009,0.615,0,KXHIGHNY-26SEP07
KXHIGHNY-26SEP07-B79.5,2026-09-07 09:00:00+00:00,0.48717948717948717,0.6,0.61,0.62,149.15,0.010000000000000009,0.605,0,KXHIGHNY-26SEP07
KXHIGHNY-26SEP07-B79.5,2026-09-07 10:00:00+00:00,0.5128205128205128,0.59,0.61,0.6,77.77,0.020000000000000018,0.6,0,KXHIGHNY-26SEP07
KXHIGHNY-26SEP07-B79.5,2026-09-07 11:00:00+00:00,0.5384615384615384,0.51,0.52,0.52,976.23,0.010000000000000009,0.515,0,KXHIGHNY-26SEP07
KXHIGHNY-26SEP07-B79.5,2026-09-07 12:00:00+00:00,0.5641025641025641,0.59,0.6,0.59,1450.68,0.010000000000000009,0.595,0,KXHIGHNY-26SEP07
KXHIGHNY-26SEP07-B79.5,2026-09-07 13:00:00+00:00,0.5897435897435898,0.64,0.65,0.64,629.02,0.010000000000000009,0.645,0,KXHIGHNY-26SEP07
KXHIGHNY-26SEP07-B79.5,2026-09-07 14:00:00+00:00,0.6153846153846154,0.57,0.58,0.58,850.21,0.010000000000000009,0.575,0,KXHIGHNY-26SEP07
KXHIGHNY-26SEP07-B79.5,2026-09-07 15:00:00+00:00,0.6410256410256411,0.68,0.69,0.69,860.42,0.009999999999999898,0.685,0,KXHIGHNY-26SEP07
KXHIGHNY-26SEP07-B79.5,2026-09-07 16:00:00+00:00,0.6666666666666666,0.7,0.73,0.73,1719.72,0.030000000000000027,0.715,0,KXHIGHNY-26SEP07
KXHIGHNY-26SEP07-B79.5,2026-09-07 17:00:00+00:00,0.6923076923076923,0.69,0.7,0.68,1334.44,0.010000000000000009,0.695,0,KXHIGHNY-26SEP07
KXHIGHNY-26SEP07-B79.5,2026-09-07 18:00:00+00:00,0.717948717948718,0.68,0.7,0.7,1520.19,0.019999999999999907,0.69,0,KXHIGHNY-26SEP07
KXHIGHNY-26SEP07-B79.5,2026-09-07 19:00:00+00:00,0.7435897435897436,0.58,0.59,0.59,1743.19,0.010000000000000009,0.585,0,KXHIGHNY-26SEP07
KXHIGHNY-26SEP07-B79.5,2026-09-07 20:00:00+00:00,0.7692307692307693,0.46,0.47,0.45,4341.15,0.009999999999999953,0.46499999999999997,0,KXHIGHNY-26SEP07
KXHIGHNY-26SEP07-B79.5,2026-09-07 21:00:00+00:00,0.7948717948717948,0.03,0.04,0.04,9803.41,0.010000000000000002,0.035,0,KXHIGHNY-26SEP07
KXHIGHNY-26SEP07-B79.5,2026-09-07 22:00:00+00:00,0.8205128205128205,0.01,0.05,0.05,6144.42,0.04,0.030000000000000002,0,KXHIGHNY-26SEP07
KXHIGHNY-26SEP07-B79.5,2026-09-07 23:00:00+00:00,0.8461538461538461,0.02,0.03,0.03,2497.45,0.009999999999999998,0.025,0,KXHIGHNY-26SEP07
KXHIGHNY-26SEP07-B79.5,2026-09-08 00:00:00+00:00,0.8717948717948718,0.0,0.01,0.01,4268.03,0.01,0.005,0,KXHIGHNY-26SEP07
KXHIGHNY-26SEP07-B79.5,2026-09-08 01:00:00+00:00,0.8974358974358975,0.0,0.01,0.01,17444.09,0.01,0.005,0,KXHIGHNY-26SEP07
KXHIGHNY-26SEP07-B79.5,2026-09-08 02:00:00+00:00,0.9230769230769231,0.0,0.01,0.01,3954.88,0.01,0.005,0,KXHIGHNY-26SEP07
KXHIGHNY-26SEP07-B79.5,2026-09-08 03:00:00+00:00,0.9487179487179487,0.0,0.01,0.01,1499.71,0.01,0.005,0,KXHIGHNY-26SEP07
KXHIGHNY-26SEP07-B79.5,2026-09-08 04:00:00+00:00,0.9743589743589743,0.0,0.01,0.01,7046.2,0.01,0.005,0,KXHIGHNY-26SEP07
KXHIGHNY-26SEP07-B79.5,2026-09-08 05:00:00+00:00,1.0,0.0,0.01,0.01,2687.34,0.01,0.005,0,KXHIGHNY-26SEP07
KXHIGHNY-26SEP06-B73.5,2026-09-05 15:00:00+00:00,0.02564102564102564,0.37,0.39,0.38,63.99,0.020000000000000018,0.38,0,KXHIGHNY-26SEP06
KXHIGHNY-26SEP06-B73.5,2026-09-05 16:00:00+00:00,0.05128205128205128,0.4,0.41,0.41,392.16,0.009999999999999953,0.405,0,KXHIGHNY-26SEP06
KXHIGHNY-26SEP06-B73.5,2026-09-05 17:00:00+00:00,0.07692307692307693,0.4,0.41,0.49,350.0,0.009999999999999953,0.405,0,KXHIGHNY-26SEP06
KXHIGHNY-26SEP06-B73.5,2026-09-05 18:00:00+00:00,0.10256410256410256,0.43,0.44,0.43,85.84,0.010000000000000009,0.435,0,KXHIGHNY-26SEP06
KXHIGHNY-26SEP06-B73.5,2026-09-05 19:00:00+00:00,0.1282051282051282,0.38,0.4,0.4,131.1,0.020000000000000018,0.39,0,KXHIGHNY-26SEP06
KXHIGHNY-26SEP06-B73.5,2026-09-05 20:00:00+00:00,0.15384615384615385,0.4,0.41,0.41,36.45,0.009999999999999953,0.405,0,KXHIGHNY-26SEP06
KXHIGHNY-26SEP06-B73.5,2026-09-05 21:00:00+00:00,0.1794871794871795,0.51,0.52,0.51,900.83,0.010000000000000009,0.515,0,KXHIGHNY-26SEP06
KXHIGHNY-26SEP06-B73.5,2026-09-05 22:00:00+00:00,0.20512820512820512,0.5,0.51,0.5,285.17,0.010000000000000009,0.505,0,KXHIGHNY-26SEP06
KXHIGHNY-26SEP06-B73.5,2026-09-05 23:00:00+00:00,0.23076923076923078,0.51,0.53,0.52,82.44,0.020000000000000018,0.52,0,KXHIGHNY-26SEP06
KXHIGHNY-26SEP06-B73.5,2026-09-06 00:00:00+00:00,0.2564102564102564,0.45,0.47,0.45,148.27,0.019999999999999962,0.45999999999999996,0,KXHIGHNY-26SEP06
KXHIGHNY-26SEP06-B73.5,2026-09-06 01:00:00+00:00,0.28205128205128205,0.48,0.49,0.49,390.14,0.010000000000000009,0.485,0,KXHIGHNY-26SEP06
KXHIGHNY-26SEP06-B73.5,2026-09-06 02:00:00+00:00,0.3076923076923077,0.46,0.49,0.49,915.22,0.02999999999999997,0.475,0,KXHIGHNY-26SEP06
KXHIGHNY-26SEP06-B73.5,2026-09-06 03:00:00+00:00,0.3333333333333333,0.47,0.48,0.48,347.0,0.010000000000000009,0.475,0,KXHIGHNY-26SEP06
KXHIGHNY-26SEP06-B73.5,2026-09-06 04:00:00+00:00,0.358974358974359,0.46,0.47,0.47,387.58,0.009999999999999953,0.46499999999999997,0,KXHIGHNY-26SEP06
KXHIGHNY-26SEP06-B73.5,2026-09-06 05:00:00+00:00,0.38461538461538464,0.44,0.45,0.45,486.55,0.010000000000000009,0.445,0,KXHIGHNY-26SEP06
KXHIGHNY-26SEP06-B73.5,2026-09-06 06:00:00+00:00,0.41025641025641024,0.4,0.42,0.41,102.93,0.019999999999999962,0.41000000000000003,0,KXHIGHNY-26SEP06
KXHIGHNY-26SEP06-B73.5,2026-09-06 07:00:00+00:00,0.4358974358974359,0.4,0.42,0.41,109.88,0.019999999999999962,0.41000000000000003,0,KXHIGHNY-26SEP06
KXHIGHNY-26SEP06-B73.5,2026-09-06 08:00:00+00:00,0.46153846153846156,0.41,0.43,0.42,98.62,0.020000000000000018,0.42,0,KXHIGHNY-26SEP06
KXHIGHNY-26SEP06-B73.5,2026-09-06 09:00:00+00:00,0.48717948717948717,0.41,0.42,0.42,29.85,0.010000000000000009,0.415,0,KXHIGHNY-26SEP06
KXHIGHNY-26SEP06-B73.5,2026-09-06 10:00:00+00:00,0.5128205128205128,0.4,0.41,0.4,203.34,0.009999999999999953,0.405,0,KXHIGHNY-26SEP06
KXHIGHNY-26SEP06-B73.5,2026-09-06 11:00:00+00:00,0.5384615384615384,0.43,0.45,0.45,293.17,0.020000000000000018,0.44,0,KXHIGHNY-26SEP06
KXHIGHNY-26SEP06-B73.5,2026-09-06 12:00:00+00:00,0.5641025641025641,0.32,0.33,0.33,520.09,0.010000000000000009,0.325,0,KXHIGHNY-26SEP06
KXHIGHNY-26SEP06-B73.5,2026-09-06 13:00:00+00:00,0.5897435897435898,0.37,0.38,0.39,884.45,0.010000000000000009,0.375,0,KXHIGHNY-26SEP06
KXHIGHNY-26SEP06-B73.5,2026-09-06 14:00:00+00:00,0.6153846153846154,0.36,0.37,0.37,875.51,0.010000000000000009,0.365,0,KXHIGHNY-26SEP06
KXHIGHNY-26SEP06-B73.5,2026-09-06 15:00:00+00:00,0.6410256410256411,0.28,0.29,0.29,4106.17,0.009999999999999953,0.28500000000000003,0,KXHIGHNY-26SEP06
KXHIGHNY-26SEP06-B73.5,2026-09-06 16:00:00+00:00,0.6666666666666666,0.62,0.63,0.62,4284.73,0.010000000000000009,0.625,0,KXHIGHNY-26SEP06
KXHIGHNY-26SEP06-B73.5,2026-09-06 17:00:00+00:00,0.6923076923076923,0.25,0.26,0.25,3651.62,0.010000000000000009,0.255,0,KXHIGHNY-26SEP06
KXHIGHNY-26SEP06-B73.5,2026-09-06 18:00:00+00:00,0.717948717948718,0.29,0.3,0.29,2798.93,0.010000000000000009,0.295,0,KXHIGHNY-26SEP06
KXHIGHNY-26SEP06-B73.5,2026-09-06 19:00:00+00:00,0.7435897435897436,0.39,0.4,0.39,2221.55,0.010000000000000009,0.395,0,KXHIGHNY-26SEP06
KXHIGHNY-26SEP06-B73.5,2026-09-06 20:00:00+00:00,0.7692307692307693,0.0,0.01,0.01,8267.45,0.01,0.005,0,KXHIGHNY-26SEP06
KXHIGHNY-26SEP06-B73.5,2026-09-06 21:00:00+00:00,0.7948717948717948,0.0,0.01,0.01,1191.22,0.01,0.005,0,KXHIGHNY-26SEP06
KXHIGHNY-26SEP06-B73.5,2026-09-06 22:00:00+00:00,0.8205128205128205,0.0,0.01,0.01,736.55,0.01,0.005,0,KXHIGHNY-26SEP06
KXHIGHNY-26SEP06-B73.5,2026-09-06 23:00:00+00:00,0.8461538461538461,0.0,0.01,0.01,12539.93,0.01,0.005,0,KXHIGHNY-26SEP06
KXHIGHNY-26SEP06-B73.5,2026-09-07 00:00:00+00:00,0.8717948717948718,0.0,0.01,0.01,2512.97,0.01,0.005,0,KXHIGHNY-26SEP06
KXHIGHNY-26SEP06-B73.5,2026-09-07 01:00:00+00:00,0.8974358974358975,0.0,0.01,0.01,1912.38,0.01,0.005,0,KXHIGHNY-26SEP06
KXHIGHNY-26SEP06-B73.5,2026-09-07 02:00:00+00:00,0.9230769230769231,0.0,0.01,0.01,778.01,0.01,0.005,0,KXHIGHNY-26SEP06
KXHIGHNY-26SEP06-B73.5,2026-09-07 03:00:00+00:00,0.9487179487179487,0.0,0.01,0.01,518.07,0.01,0.005,0,KXHIGHNY-26SEP06
KXHIGHNY-26SEP06-B73.5,2026-09-07 04:00:00+00:00,0.9743589743589743,0.0,0.01,0.01,1481.97,0.01,0.005,0,KXHIGHNY-26SEP06
KXHIGHNY-26SEP06-B73.5,2026-09-07 05:00:00+00:00,1.0,0.0,0.01,0.01,0.37,0.01,0.005,0,KXHIGHNY-26SEP06
KXHIGHNY-26SEP05-T79,2026-09-04 15:00:00+00:00,0.02564102564102564,0.38,0.39,0.39,44.0,0.010000000000000009,0.385,0,KXHIGHNY-26SEP05
KXHIGHNY-26SEP05-T79,2026-09-04 16:00:00+00:00,0.05128205128205128,0.39,0.4,0.4,20.0,0.010000000000000009,0.395,0,KXHIGHNY-26SEP05
KXHIGHNY-26SEP05-T79,2026-09-04 17:00:00+00:00,0.07692307692307693,0.32,0.33,0.33,45.0,0.010000000000000009,0.325,0,KXHIGHNY-26SEP05
KXHIGHNY-26SEP05-T79,2026-09-04 18:00:00+00:00,0.10256410256410256,0.3,0.31,0.31,17.08,0.010000000000000009,0.305,0,KXHIGHNY-26SEP05
KXHIGHNY-26SEP05-T79,2026-09-04 19:00:00+00:00,0.1282051282051282,0.33,0.34,0.35,495.0,0.010000000000000009,0.335,0,KXHIGHNY-26SEP05
KXHIGHNY-26SEP05-T79,2026-09-04 20:00:00+00:00,0.15384615384615385,0.3,0.33,0.3,641.09,0.030000000000000027,0.315,0,KXHIGHNY-26SEP05
KXHIGHNY-26SEP05-T79,2026-09-04 21:00:00+00:00,0.1794871794871795,0.34,0.35,0.35,325.65,0.009999999999999953,0.345,0,KXHIGHNY-26SEP05
KXHIGHNY-26SEP05-T79,2026-09-04 22:00:00+00:00,0.20512820512820512,0.4,0.41,0.42,1148.3,0.009999999999999953,0.405,0,KXHIGHNY-26SEP05
KXHIGHNY-26SEP05-T79,2026-09-04 23:00:00+00:00,0.23076923076923078,0.38,0.39,0.39,289.84,0.010000000000000009,0.385,0,KXHIGHNY-26SEP05
KXHIGHNY-26SEP05-T79,2026-09-05 00:00:00+00:00,0.2564102564102564,0.35,0.36,0.36,285.7,0.010000000000000009,0.355,0,KXHIGHNY-26SEP05
KXHIGHNY-26SEP05-T79,2026-09-05 01:00:00+00:00,0.28205128205128205,0.35,0.36,0.35,36.57,0.010000000000000009,0.355,0,KXHIGHNY-26SEP05
KXHIGHNY-26SEP05-T79,2026-09-05 02:00:00+00:00,0.3076923076923077,0.3,0.31,0.3,304.01,0.010000000000000009,0.305,0,KXHIGHNY-26SEP05
KXHIGHNY-26SEP05-T79,2026-09-05 03:00:00+00:00,0.3333333333333333,0.3,0.31,0.31,168.3,0.010000000000000009,0.305,0,KXHIGHNY-26SEP05
KXHIGHNY-26SEP05-T79,2026-09-05 04:00:00+00:00,0.358974358974359,0.25,0.26,0.27,300.49,0.010000000000000009,0.255,0,KXHIGHNY-26SEP05
KXHIGHNY-26SEP05-T79,2026-09-05 05:00:00+00:00,0.38461538461538464,0.25,0.26,0.26,339.82,0.010000000000000009,0.255,0,KXHIGHNY-26SEP05
KXHIGHNY-26SEP05-T79,2026-09-05 06:00:00+00:00,0.41025641025641024,0.25,0.26,0.25,90.45,0.010000000000000009,0.255,0,KXHIGHNY-26SEP05
KXHIGHNY-26SEP05-T79,2026-09-05 07:00:00+00:00,0.4358974358974359,0.27,0.29,0.28,37.51,0.019999999999999962,0.28,0,KXHIGHNY-26SEP05
KXHIGHNY-26SEP05-T79,2026-09-05 08:00:00+00:00,0.46153846153846156,0.24,0.27,0.27,244.34,0.030000000000000027,0.255,0,KXHIGHNY-26SEP05
KXHIGHNY-26SEP05-T79,2026-09-05 09:00:00+00:00,0.48717948717948717,0.29,0.3,0.29,473.7,0.010000000000000009,0.295,0,KXHIGHNY-26SEP05
KXHIGHNY-26SEP05-T79,2026-09-05 10:00:00+00:00,0.5128205128205128,0.28,0.29,0.28,19.95,0.009999999999999953,0.28500000000000003,0,KXHIGHNY-26SEP05
KXHIGHNY-26SEP05-T79,2026-09-05 11:00:00+00:00,0.5384615384615384,0.26,0.27,0.27,165.7,0.010000000000000009,0.265,0,KXHIGHNY-26SEP05
KXHIGHNY-26SEP05-T79,2026-09-05 12:00:00+00:00,0.5641025641025641,0.27,0.29,0.29,2193.89,0.019999999999999962,0.28,0,KXHIGHNY-26SEP05
KXHIGHNY-26SEP05-T79,2026-09-05 13:00:00+00:00,0.5897435897435898,0.17,0.18,0.19,443.19,0.009999999999999981,0.175,0,KXHIGHNY-26SEP05
KXHIGHNY-26SEP05-T79,2026-09-05 14:00:00+00:00,0.6153846153846154,0.12,0.14,0.15,1449.92,0.020000000000000018,0.13,0,KXHIGHNY-26SEP05
KXHIGHNY-26SEP05-T79,2026-09-05 15:00:00+00:00,0.6410256410256411,0.13,0.14,0.13,2099.86,0.010000000000000009,0.135,0,KXHIGHNY-26SEP05
KXHIGHNY-26SEP05-T79,2026-09-05 16:00:00+00:00,0.6666666666666666,0.32,0.34,0.33,4100.35,0.020000000000000018,0.33,0,KXHIGHNY-26SEP05
KXHIGHNY-26SEP05-T79,2026-09-05 17:00:00+00:00,0.6923076923076923,0.69,0.72,0.69,6347.67,0.030000000000000027,0.705,0,KXHIGHNY-26SEP05
KXHIGHNY-26SEP05-T79,2026-09-05 18:00:00+00:00,0.717948717948718,0.74,0.75,0.73,5068.72,0.010000000000000009,0.745,0,KXHIGHNY-26SEP05
KXHIGHNY-26SEP05-T79,2026-09-05 19:00:00+00:00,0.7435897435897436,0.74,0.76,0.76,2313.71,0.020000000000000018,0.75,0,KXHIGHNY-26SEP05
KXHIGHNY-26SEP05-T79,2026-09-05 20:00:00+00:00,0.7692307692307693,0.8,0.83,0.83,2605.21,0.029999999999999916,0.815,0,KXHIGHNY-26SEP05
KXHIGHNY-26SEP05-T79,2026-09-05 21:00:00+00:00,0.7948717948717948,0.0,0.01,0.01,64220.0,0.01,0.005,0,KXHIGHNY-26SEP05
KXHIGHNY-26SEP05-T79,2026-09-05 22:00:00+00:00,0.8205128205128205,0.0,0.01,0.01,613.09,0.01,0.005,0,KXHIGHNY-26SEP05
KXHIGHNY-26SEP05-T79,2026-09-05 23:00:00+00:00,0.8461538461538461,0.0,0.01,0.01,348.02,0.01,0.005,0,KXHIGHNY-26SEP05
KXHIGHNY-26SEP05-T79,2026-09-06 00:00:00+00:00,0.8717948717948718,0.0,0.01,0.01,7.0,0.01,0.005,0,KXHIGHNY-26SEP05
KXHIGHNY-26SEP05-T79,2026-09-06 01:00:00+00:00,0.8974358974358975,0.0,0.01,0.01,1021.85,0.01,0.005,0,KXHIGHNY-26SEP05
KXHIGHNY-26SEP05-T79,2026-09-06 02:00:00+00:00,0.9230769230769231,0.0,0.01,0.01,186.51,0.01,0.005,0,KXHIGHNY-26SEP05
KXHIGHNY-26SEP05-T79,2026-09-06 04:00:00+00:00,0.9743589743589743,0.0,0.01,0.01,50.0,0.01,0.005,0,KXHIGHNY-26SEP05
KXHIGHNY-26SEP05-T79,2026-09-06 05:00:00+00:00,1.0,0.0,0.01,0.01,3.0,0.01,0.005,0,KXHIGHNY-26SEP05
KXHIGHNY-26SEP04-B82.5,2026-09-03 15:00:00+00:00,0.02564102564102564,0.38,0.39,0.39,624.1,0.010000000000000009,0.385,0,KXHIGHNY-26SEP04
KXHIGHNY-26SEP04-B82.5,2026-09-03 16:00:00+00:00,0.05128205128205128,0.39,0.4,0.39,30.0,0.010000000000000009,0.395,0,KXHIGHNY-26SEP04
KXHIGHNY-26SEP04-B82.5,2026-09-03 17:00:00+00:00,0.07692307692307693,0.39,0.4,0.39,35.0,0.010000000000000009,0.395,0,KXHIGHNY-26SEP04
KXHIGHNY-26SEP04-B82.5,2026-09-03 18:00:00+00:00,0.10256410256410256,0.39,0.41,0.4,164.0,0.019999999999999962,0.4,0,KXHIGHNY-26SEP04
KXHIGHNY-26SEP04-B82.5,2026-09-03 19:00:00+00:00,0.1282051282051282,0.43,0.45,0.45,250.0,0.020000000000000018,0.44,0,KXHIGHNY-26SEP04
KXHIGHNY-26SEP04-B82.5,2026-09-03 20:00:00+00:00,0.15384615384615385,0.4,0.41,0.4,44.0,0.009999999999999953,0.405,0,KXHIGHNY-26SEP04
KXHIGHNY-26SEP04-B82.5,2026-09-03 21:00:00+00:00,0.1794871794871795,0.39,0.4,0.4,5.0,0.010000000000000009,0.395,0,KXHIGHNY-26SEP04
KXHIGHNY-26SEP04-B82.5,2026-09-03 22:00:00+00:00,0.20512820512820512,0.36,0.37,0.37,348.99,0.010000000000000009,0.365,0,KXHIGHNY-26SEP04
KXHIGHNY-26SEP04-B82.5,2026-09-03 23:00:00+00:00,0.23076923076923078,0.27,0.28,0.3,691.03,0.010000000000000009,0.275,0,KXHIGHNY-26SEP04
KXHIGHNY-26SEP04-B82.5,2026-09-04 00:00:00+00:00,0.2564102564102564,0.26,0.27,0.26,51.66,0.010000000000000009,0.265,0,KXHIGHNY-26SEP04
KXHIGHNY-26SEP04-B82.5,2026-09-04 01:00:00+00:00,0.28205128205128205,0.34,0.37,0.37,753.27,0.02999999999999997,0.355,0,KXHIGHNY-26SEP04
KXHIGHNY-26SEP04-B82.5,2026-09-04 02:00:00+00:00,0.3076923076923077,0.32,0.33,0.33,234.66,0.010000000000000009,0.325,0,KXHIGHNY-26SEP04
KXHIGHNY-26SEP04-B82.5,2026-09-04 03:00:00+00:00,0.3333333333333333,0.32,0.33,0.32,137.18,0.010000000000000009,0.325,0,KXHIGHNY-26SEP04
KXHIGHNY-26SEP04-B82.5,2026-09-04 04:00:00+00:00,0.358974358974359,0.32,0.33,0.32,183.81,0.010000000000000009,0.325,0,KXHIGHNY-26SEP04
KXHIGHNY-26SEP04-B82.5,2026-09-04 05:00:00+00:00,0.38461538461538464,0.33,0.35,0.33,93.23,0.019999999999999962,0.33999999999999997,0,KXHIGHNY-26SEP04
KXHIGHNY-26SEP04-B82.5,2026-09-04 06:00:00+00:00,0.41025641025641024,0.33,0.34,0.33,113.29,0.010000000000000009,0.335,0,KXHIGHNY-26SEP04
KXHIGHNY-26SEP04-B82.5,2026-09-04 07:00:00+00:00,0.4358974358974359,0.37,0.38,0.37,425.88,0.010000000000000009,0.375,0,KXHIGHNY-26SEP04
KXHIGHNY-26SEP04-B82.5,2026-09-04 08:00:00+00:00,0.46153846153846156,0.43,0.44,0.41,831.35,0.010000000000000009,0.435,0,KXHIGHNY-26SEP04
KXHIGHNY-26SEP04-B82.5,2026-09-04 09:00:00+00:00,0.48717948717948717,0.42,0.44,0.42,246.21,0.020000000000000018,0.43,0,KXHIGHNY-26SEP04
KXHIGHNY-26SEP04-B82.5,2026-09-04 10:00:00+00:00,0.5128205128205128,0.36,0.38,0.38,158.09,0.020000000000000018,0.37,0,KXHIGHNY-26SEP04
KXHIGHNY-26SEP04-B82.5,2026-09-04 11:00:00+00:00,0.5384615384615384,0.38,0.41,0.4,600.38,0.02999999999999997,0.395,0,KXHIGHNY-26SEP04
KXHIGHNY-26SEP04-B82.5,2026-09-04 12:00:00+00:00,0.5641025641025641,0.3,0.32,0.31,366.62,0.020000000000000018,0.31,0,KXHIGHNY-26SEP04
KXHIGHNY-26SEP04-B82.5,2026-09-04 13:00:00+00:00,0.5897435897435898,0.28,0.29,0.28,1287.82,0.009999999999999953,0.28500000000000003,0,KXHIGHNY-26SEP04
KXHIGHNY-26SEP04-B82.5,2026-09-04 14:00:00+00:00,0.6153846153846154,0.12,0.13,0.13,1005.95,0.010000000000000009,0.125,0,KXHIGHNY-26SEP04
KXHIGHNY-26SEP04-B82.5,2026-09-04 15:00:00+00:00,0.6410256410256411,0.03,0.04,0.05,3954.16,0.010000000000000002,0.035,0,KXHIGHNY-26SEP04
KXHIGHNY-26SEP04-B82.5,2026-09-04 16:00:00+00:00,0.6666666666666666,0.08,0.09,0.1,4102.41,0.009999999999999995,0.08499999999999999,0,KXHIGHNY-26SEP04
KXHIGHNY-26SEP04-B82.5,2026-09-04 17:00:00+00:00,0.6923076923076923,0.12,0.13,0.12,4200.71,0.010000000000000009,0.125,0,KXHIGHNY-26SEP04
KXHIGHNY-26SEP04-B82.5,2026-09-04 18:00:00+00:00,0.717948717948718,0.0,0.01,0.01,12144.74,0.01,0.005,0,KXHIGHNY-26SEP04
KXHIGHNY-26SEP04-B82.5,2026-09-04 19:00:00+00:00,0.7435897435897436,0.0,0.01,0.01,258.59,0.01,0.005,0,KXHIGHNY-26SEP04
KXHIGHNY-26SEP04-B82.5,2026-09-04 20:00:00+00:00,0.7692307692307693,0.0,0.01,,0.0,0.01,0.005,0,KXHIGHNY-26SEP04
KXHIGHNY-26SEP04-B82.5,2026-09-04 21:00:00+00:00,0.7948717948717948,0.0,0.01,0.01,6315.51,0.01,0.005,0,KXHIGHNY-26SEP04
KXHIGHNY-26SEP04-B82.5,2026-09-04 22:00:00+00:00,0.8205128205128205,0.0,0.01,0.01,1593.87,0.01,0.005,0,KXHIGHNY-26SEP04
KXHIGHNY-26SEP04-B82.5,2026-09-04 23:00:00+00:00,0.8461538461538461,0.0,0.01,0.01,800.59,0.01,0.005,0,KXHIGHNY-26SEP04
KXHIGHNY-26SEP04-B82.5,2026-09-05 00:00:00+00:00,0.8717948717948718,0.0,0.01,0.01,1156.2,0.01,0.005,0,KXHIGHNY-26SEP04
KXHIGHNY-26SEP04-B82.5,2026-09-05 01:00:00+00:00,0.8974358974358975,0.0,0.01,0.01,280.53,0.01,0.005,0,KXHIGHNY-26SEP04
KXHIGHNY-26SEP04-B82.5,2026-09-05 02:00:00+00:00,0.9230769230769231,0.0,0.01,0.01,141.26,0.01,0.005,0,KXHIGHNY-26SEP04
KXHIGHNY-26SEP04-B82.5,2026-09-05 03:00:00+00:00,0.9487179487179487,0.0,0.01,0.01,38.69,0.01,0.005,0,KXHIGHNY-26SEP04
KXHIGHNY-26SEP04-B82.5,2026-09-05 04:00:00+00:00,0.9743589743589743,0.0,0.01,0.01,744.08,0.01,0.005,0,KXHIGHNY-26SEP04
KXHIGHNY-26SEP04-B82.5,2026-09-05 05:00:00+00:00,1.0,0.0,0.01,0.01,93.51,0.01,0.005,0,KXHIGHNY-26SEP04
KXHIGHNY-26SEP03-B83.5,2026-09-02 15:00:00+00:00,0.02564102564102564,0.41,0.43,0.43,661.94,0.020000000000000018,0.42,1,KXHIGHNY-26SEP03
KXHIGHNY-26SEP03-B83.5,2026-09-02 16:00:00+00:00,0.05128205128205128,0.39,0.42,0.41,175.0,0.02999999999999997,0.405,1,KXHIGHNY-26SEP03
KXHIGHNY-26SEP03-B83.5,2026-09-02 17:00:00+00:00,0.07692307692307693,0.4,0.44,0.44,71.26,0.03999999999999998,0.42000000000000004,1,KXHIGHNY-26SEP03
KXHIGHNY-26SEP03-B83.5,2026-09-02 18:00:00+00:00,0.10256410256410256,0.41,0.44,0.41,5.0,0.030000000000000027,0.425,1,KXHIGHNY-26SEP03
KXHIGHNY-26SEP03-B83.5,2026-09-02 19:00:00+00:00,0.1282051282051282,0.42,0.44,0.43,3.0,0.020000000000000018,0.43,1,KXHIGHNY-26SEP03
KXHIGHNY-26SEP03-B83.5,2026-09-02 20:00:00+00:00,0.15384615384615385,0.45,0.47,0.47,336.21,0.019999999999999962,0.45999999999999996,1,KXHIGHNY-26SEP03
KXHIGHNY-26SEP03-B83.5,2026-09-02 21:00:00+00:00,0.1794871794871795,0.45,0.47,0.46,36.43,0.019999999999999962,0.45999999999999996,1,KXHIGHNY-26SEP03
KXHIGHNY-26SEP03-B83.5,2026-09-02 22:00:00+00:00,0.20512820512820512,0.41,0.43,0.44,88.12,0.020000000000000018,0.42,1,KXHIGHNY-26SEP03
KXHIGHNY-26SEP03-B83.5,2026-09-02 23:00:00+00:00,0.23076923076923078,0.42,0.44,0.44,102.18,0.020000000000000018,0.43,1,KXHIGHNY-26SEP03
KXHIGHNY-26SEP03-B83.5,2026-09-03 00:00:00+00:00,0.2564102564102564,0.43,0.45,0.45,67.0,0.020000000000000018,0.44,1,KXHIGHNY-26SEP03
KXHIGHNY-26SEP03-B83.5,2026-09-03 01:00:00+00:00,0.28205128205128205,0.43,0.45,0.44,74.16,0.020000000000000018,0.44,1,KXHIGHNY-26SEP03
KXHIGHNY-26SEP03-B83.5,2026-09-03 02:00:00+00:00,0.3076923076923077,0.35,0.39,0.39,289.17,0.040000000000000036,0.37,1,KXHIGHNY-26SEP03
KXHIGHNY-26SEP03-B83.5,2026-09-03 03:00:00+00:00,0.3333333333333333,0.37,0.38,0.38,169.58,0.010000000000000009,0.375,1,KXHIGHNY-26SEP03
KXHIGHNY-26SEP03-B83.5,2026-09-03 04:00:00+00:00,0.358974358974359,0.38,0.4,0.4,234.4,0.020000000000000018,0.39,1,KXHIGHNY-26SEP03
KXHIGHNY-26SEP03-B83.5,2026-09-03 05:00:00+00:00,0.38461538461538464,0.38,0.4,0.39,73.76,0.020000000000000018,0.39,1,KXHIGHNY-26SEP03
KXHIGHNY-26SEP03-B83.5,2026-09-03 06:00:00+00:00,0.41025641025641024,0.36,0.39,0.39,298.92,0.030000000000000027,0.375,1,KXHIGHNY-26SEP03
KXHIGHNY-26SEP03-B83.5,2026-09-03 07:00:00+00:00,0.4358974358974359,0.46,0.47,0.47,419.62,0.009999999999999953,0.46499999999999997,1,KXHIGHNY-26SEP03
KXHIGHNY-26SEP03-B83.5,2026-09-03 08:00:00+00:00,0.46153846153846156,0.4,0.47,,0.0,0.06999999999999995,0.435,1,KXHIGHNY-26SEP03
KXHIGHNY-26SEP03-B83.5,2026-09-03 10:00:00+00:00,0.5128205128205128,0.45,0.47,0.47,105.64,0.019999999999999962,0.45999999999999996,1,KXHIGHNY-26SEP03
KXHIGHNY-26SEP03-B83.5,2026-09-03 11:00:00+00:00,0.5384615384615384,0.5,0.51,0.51,541.98,0.010000000000000009,0.505,1,KXHIGHNY-26SEP03
KXHIGHNY-26SEP03-B83.5,2026-09-03 12:00:00+00:00,0.5641025641025641,0.47,0.51,0.51,511.1,0.040000000000000036,0.49,1,KXHIGHNY-26SEP03
KXHIGHNY-26SEP03-B83.5,2026-09-03 13:00:00+00:00,0.5897435897435898,0.52,0.53,0.54,1063.16,0.010000000000000009,0.525,1,KXHIGHNY-26SEP03
KXHIGHNY-26SEP03-B83.5,2026-09-03 14:00:00+00:00,0.6153846153846154,0.47,0.49,0.49,1315.53,0.020000000000000018,0.48,1,KXHIGHNY-26SEP03
KXHIGHNY-26SEP03-B83.5,2026-09-03 15:00:00+00:00,0.6410256410256411,0.54,0.56,0.56,1119.13,0.020000000000000018,0.55,1,KXHIGHNY-26SEP03
KXHIGHNY-26SEP03-B83.5,2026-09-03 16:00:00+00:00,0.6666666666666666,0.55,0.56,0.55,1168.23,0.010000000000000009,0.555,1,KXHIGHNY-26SEP03
KXHIGHNY-26SEP03-B83.5,2026-09-03 17:00:00+00:00,0.6923076923076923,0.35,0.36,0.35,2036.04,0.010000000000000009,0.355,1,KXHIGHNY-26SEP03
KXHIGHNY-26SEP03-B83.5,2026-09-03 18:00:00+00:00,0.717948717948718,0.64,0.66,0.67,3724.01,0.020000000000000018,0.65,1,KXHIGHNY-26SEP03
KXHIGHNY-26SEP03-B83.5,2026-09-03 19:00:00+00:00,0.7435897435897436,0.77,0.79,0.75,4520.0,0.020000000000000018,0.78,1,KXHIGHNY-26SEP03
KXHIGHNY-26SEP03-B83.5,2026-09-03 20:00:00+00:00,0.7692307692307693,0.71,0.74,0.74,1707.76,0.030000000000000027,0.725,1,KXHIGHNY-26SEP03
KXHIGHNY-26SEP03-B83.5,2026-09-03 21:00:00+00:00,0.7948717948717948,0.91,0.96,0.93,7915.83,0.04999999999999993,0.935,1,KXHIGHNY-26SEP03
KXHIGHNY-26SEP03-B83.5,2026-09-03 22:00:00+00:00,0.8205128205128205,0.97,0.98,0.97,10778.26,0.010000000000000009,0.975,1,KXHIGHNY-26SEP03
KXHIGHNY-26SEP03-B83.5,2026-09-03 23:00:00+00:00,0.8461538461538461,0.96,0.98,0.96,2738.53,0.020000000000000018,0.97,1,KXHIGHNY-26SEP03
KXHIGHNY-26SEP03-B83.5,2026-09-04 00:00:00+00:00,0.8717948717948718,0.99,1.0,0.99,5405.05,0.010000000000000009,0.995,1,KXHIGHNY-26SEP03
KXHIGHNY-26SEP03-B83.5,2026-09-04 01:00:00+00:00,0.8974358974358975,0.99,1.0,0.99,410.53,0.010000000000000009,0.995,1,KXHIGHNY-26SEP03
KXHIGHNY-26SEP03-B83.5,2026-09-04 02:00:00+00:00,0.9230769230769231,0.99,1.0,0.99,786.38,0.010000000000000009,0.995,1,KXHIGHNY-26SEP03
KXHIGHNY-26SEP03-B83.5,2026-09-04 03:00:00+00:00,0.9487179487179487,0.99,1.0,0.99,426.83,0.010000000000000009,0.995,1,KXHIGHNY-26SEP03
KXHIGHNY-26SEP03-B83.5,2026-09-04 04:00:00+00:00,0.9743589743589743,0.99,1.0,,0.0,0.010000000000000009,0.995,1,KXHIGHNY-26SEP03
KXHIGHNY-26SEP03-B83.5,2026-09-04 05:00:00+00:00,1.0,0.99,1.0,0.99,19.33,0.010000000000000009,0.995,1,KXHIGHNY-26SEP03
KXHIGHNY-26SEP02-T75,2026-09-01 15:00:00+00:00,0.02564102564102564,0.53,0.54,0.53,459.7,0.010000000000000009,0.535,1,KXHIGHNY-26SEP02
KXHIGHNY-26SEP02-T75,2026-09-01 16:00:00+00:00,0.05128205128205128,0.57,0.59,0.57,424.66,0.020000000000000018,0.58,1,KXHIGHNY-26SEP02
KXHIGHNY-26SEP02-T75,2026-09-01 17:00:00+00:00,0.07692307692307693,0.59,0.61,0.6,184.0,0.020000000000000018,0.6,1,KXHIGHNY-26SEP02
KXHIGHNY-26SEP02-T75,2026-09-01 18:00:00+00:00,0.10256410256410256,0.66,0.67,0.64,283.53,0.010000000000000009,0.665,1,KXHIGHNY-26SEP02
KXHIGHNY-26SEP02-T75,2026-09-01 19:00:00+00:00,0.1282051282051282,0.68,0.69,0.68,43.18,0.009999999999999898,0.685,1,KXHIGHNY-26SEP02
KXHIGHNY-26SEP02-T75,2026-09-01 20:00:00+00:00,0.15384615384615385,0.68,0.69,0.68,470.69,0.009999999999999898,0.685,1,KXHIGHNY-26SEP02
KXHIGHNY-26SEP02-T75,2026-09-01 21:00:00+00:00,0.1794871794871795,0.67,0.68,0.68,36.0,0.010000000000000009,0.675,1,KXHIGHNY-26SEP02
KXHIGHNY-26SEP02-T75,2026-09-01 22:00:00+00:00,0.20512820512820512,0.67,0.69,0.68,357.11,0.019999999999999907,0.6799999999999999,1,KXHIGHNY-26SEP02
KXHIGHNY-26SEP02-T75,2026-09-01 23:00:00+00:00,0.23076923076923078,0.74,0.77,0.76,579.71,0.030000000000000027,0.755,1,KXHIGHNY-26SEP02
KXHIGHNY-26SEP02-T75,2026-09-02 00:00:00+00:00,0.2564102564102564,0.76,0.78,0.76,55.0,0.020000000000000018,0.77,1,KXHIGHNY-26SEP02
KXHIGHNY-26SEP02-T75,2026-09-02 01:00:00+00:00,0.28205128205128205,0.75,0.77,0.77,253.02,0.020000000000000018,0.76,1,KXHIGHNY-26SEP02
KXHIGHNY-26SEP02-T75,2026-09-02 02:00:00+00:00,0.3076923076923077,0.65,0.66,0.68,384.37,0.010000000000000009,0.655,1,KXHIGHNY-26SEP02
KXHIGHNY-26SEP02-T75,2026-09-02 03:00:00+00:00,0.3333333333333333,0.67,0.68,0.68,188.85,0.010000000000000009,0.675,1,KXHIGHNY-26SEP02
KXHIGHNY-26SEP02-T75,2026-09-02 04:00:00+00:00,0.358974358974359,0.61,0.64,0.61,707.24,0.030000000000000027,0.625,1,KXHIGHNY-26SEP02
KXHIGHNY-26SEP02-T75,2026-09-02 05:00:00+00:00,0.38461538461538464,0.61,0.64,0.65,253.97,0.030000000000000027,0.625,1,KXHIGHNY-26SEP02
KXHIGHNY-26SEP02-T75,2026-09-02 06:00:00+00:00,0.41025641025641024,0.64,0.65,0.65,70.46,0.010000000000000009,0.645,1,KXHIGHNY-26SEP02
KXHIGHNY-26SEP02-T75,2026-09-02 07:00:00+00:00,0.4358974358974359,0.69,0.7,0.7,530.61,0.010000000000000009,0.695,1,KXHIGHNY-26SEP02
KXHIGHNY-26SEP02-T75,2026-09-02 08:00:00+00:00,0.46153846153846156,0.69,0.7,0.7,229.09,0.010000000000000009,0.695,1,KXHIGHNY-26SEP02
KXHIGHNY-26SEP02-T75,2026-09-02 09:00:00+00:00,0.48717948717948717,0.69,0.7,0.7,159.54,0.010000000000000009,0.695,1,KXHIGHNY-26SEP02
KXHIGHNY-26SEP02-T75,2026-09-02 10:00:00+00:00,0.5128205128205128,0.72,0.74,0.71,391.77,0.020000000000000018,0.73,1,KXHIGHNY-26SEP02
KXHIGHNY-26SEP02-T75,2026-09-02 11:00:00+00:00,0.5384615384615384,0.81,0.82,0.82,1032.79,0.009999999999999898,0.815,1,KXHIGHNY-26SEP02
KXHIGHNY-26SEP02-T75,2026-09-02 12:00:00+00:00,0.5641025641025641,0.8,0.81,0.81,291.86,0.010000000000000009,0.805,1,KXHIGHNY-26SEP02
KXHIGHNY-26SEP02-T75,2026-09-02 13:00:00+00:00,0.5897435897435898,0.83,0.85,0.83,1307.11,0.020000000000000018,0.84,1,KXHIGHNY-26SEP02
KXHIGHNY-26SEP02-T75,2026-09-02 14:00:00+00:00,0.6153846153846154,0.8,0.82,0.82,2379.82,0.019999999999999907,0.81,1,KXHIGHNY-26SEP02
KXHIGHNY-26SEP02-T75,2026-09-02 15:00:00+00:00,0.6410256410256411,0.82,0.84,0.84,1649.14,0.020000000000000018,0.83,1,KXHIGHNY-26SEP02
KXHIGHNY-26SEP02-T75,2026-09-02 16:00:00+00:00,0.6666666666666666,0.9,0.91,0.9,1412.97,0.010000000000000009,0.905,1,KXHIGHNY-26SEP02
KXHIGHNY-26SEP02-T75,2026-09-02 17:00:00+00:00,0.6923076923076923,0.91,0.92,0.92,2650.77,0.010000000000000009,0.915,1,KXHIGHNY-26SEP02
KXHIGHNY-26SEP02-T75,2026-09-02 18:00:00+00:00,0.717948717948718,0.91,0.93,0.93,2130.49,0.020000000000000018,0.92,1,KXHIGHNY-26SEP02
KXHIGHNY-26SEP02-T75,2026-09-02 19:00:00+00:00,0.7435897435897436,0.96,0.97,0.97,1524.38,0.010000000000000009,0.965,1,KXHIGHNY-26SEP02
KXHIGHNY-26SEP02-T75,2026-09-02 20:00:00+00:00,0.7692307692307693,0.98,0.99,0.97,1841.2,0.010000000000000009,0.985,1,KXHIGHNY-26SEP02
KXHIGHNY-26SEP02-T75,2026-09-02 21:00:00+00:00,0.7948717948717948,0.99,1.0,0.99,1590.2,0.010000000000000009,0.995,1,KXHIGHNY-26SEP02
KXHIGHNY-26SEP02-T75,2026-09-02 22:00:00+00:00,0.8205128205128205,0.98,1.0,0.98,482.83,0.020000000000000018,0.99,1,KXHIGHNY-26SEP02
KXHIGHNY-26SEP02-T75,2026-09-02 23:00:00+00:00,0.8461538461538461,0.99,1.0,0.99,7.61,0.010000000000000009,0.995,1,KXHIGHNY-26SEP02
KXHIGHNY-26SEP02-T75,2026-09-03 00:00:00+00:00,0.8717948717948718,0.99,1.0,0.98,987.35,0.010000000000000009,0.995,1,KXHIGHNY-26SEP02
KXHIGHNY-26SEP02-T75,2026-09-03 01:00:00+00:00,0.8974358974358975,0.99,1.0,0.99,684.04,0.010000000000000009,0.995,1,KXHIGHNY-26SEP02
KXHIGHNY-26SEP02-T75,2026-09-03 02:00:00+00:00,0.9230769230769231,0.99,1.0,0.99,807.47,0.010000000000000009,0.995,1,KXHIGHNY-26SEP02
KXHIGHNY-26SEP02-T75,2026-09-03 03:00:00+00:00,0.9487179487179487,0.99,1.0,0.99,24.27,0.010000000000000009,0.995,1,KXHIGHNY-26SEP02
KXHIGHNY-26SEP02-T75,2026-09-03 04:00:00+00:00,0.9743589743589743,0.99,1.0,0.99,135.61,0.010000000000000009,0.995,1,KXHIGHNY-26SEP02
KXHIGHNY-26SEP02-T75,2026-09-03 05:00:00+00:00,1.0,0.99,1.0,0.99,5.0,0.010000000000000009,0.995,1,KXHIGHNY-26SEP02
KXHIGHNY-26SEP01-T83,2026-08-31 15:00:00+00:00,0.02564102564102564,0.47,0.49,0.49,324.86,0.020000000000000018,0.48,1,KXHIGHNY-26SEP01
KXHIGHNY-26SEP01-T83,2026-08-31 16:00:00+00:00,0.05128205128205128,0.5,0.52,0.52,14.93,0.020000000000000018,0.51,1,KXHIGHNY-26SEP01
KXHIGHNY-26SEP01-T83,2026-08-31 17:00:00+00:00,0.07692307692307693,0.55,0.57,0.58,112.54,0.019999999999999907,0.56,1,KXHIGHNY-26SEP01
KXHIGHNY-26SEP01-T83,2026-08-31 18:00:00+00:00,0.10256410256410256,0.54,0.55,0.55,26.0,0.010000000000000009,0.545,1,KXHIGHNY-26SEP01
KXHIGHNY-26SEP01-T83,2026-08-31 19:00:00+00:00,0.1282051282051282,0.55,0.56,0.56,74.9,0.010000000000000009,0.555,1,KXHIGHNY-26SEP01
KXHIGHNY-26SEP01-T83,2026-08-31 20:00:00+00:00,0.15384615384615385,0.54,0.56,0.55,33.51,0.020000000000000018,0.55,1,KXHIGHNY-26SEP01
KXHIGHNY-26SEP01-T83,2026-08-31 21:00:00+00:00,0.1794871794871795,0.55,0.56,0.56,238.04,0.010000000000000009,0.555,1,KXHIGHNY-26SEP01
KXHIGHNY-26SEP01-T83,2026-08-31 22:00:00+00:00,0.20512820512820512,0.57,0.58,0.58,309.64,0.010000000000000009,0.575,1,KXHIGHNY-26SEP01
KXHIGHNY-26SEP01-T83,2026-08-31 23:00:00+00:00,0.23076923076923078,0.58,0.59,0.58,31.39,0.010000000000000009,0.585,1,KXHIGHNY-26SEP01
KXHIGHNY-26SEP01-T83,2026-09-01 00:00:00+00:00,0.2564102564102564,0.61,0.62,0.62,296.68,0.010000000000000009,0.615,1,KXHIGHNY-26SEP01
KXHIGHNY-26SEP01-T83,2026-09-01 01:00:00+00:00,0.28205128205128205,0.65,0.66,0.65,393.65,0.010000000000000009,0.655,1,KXHIGHNY-26SEP01
KXHIGHNY-26SEP01-T83,2026-09-01 02:00:00+00:00,0.3076923076923077,0.52,0.53,0.53,324.69,0.010000000000000009,0.525,1,KXHIGHNY-26SEP01
KXHIGHNY-26SEP01-T83,2026-09-01 03:00:00+00:00,0.3333333333333333,0.56,0.58,0.57,398.65,0.019999999999999907,0.5700000000000001,1,KXHIGHNY-26SEP01
KXHIGHNY-26SEP01-T83,2026-09-01 04:00:00+00:00,0.358974358974359,0.6,0.61,0.6,618.98,0.010000000000000009,0.605,1,KXHIGHNY-26SEP01
KXHIGHNY-26SEP01-T83,2026-09-01 05:00:00+00:00,0.38461538461538464,0.59,0.62,0.62,492.58,0.030000000000000027,0.605,1,KXHIGHNY-26SEP01
KXHIGHNY-26SEP01-T83,2026-09-01 06:00:00+00:00,0.41025641025641024,0.62,0.63,0.63,1284.67,0.010000000000000009,0.625,1,KXHIGHNY-26SEP01
KXHIGHNY-26SEP01-T83,2026-09-01 07:00:00+00:00,0.4358974358974359,0.61,0.63,0.63,775.19,0.020000000000000018,0.62,1,KXHIGHNY-26SEP01
KXHIGHNY-26SEP01-T83,2026-09-01 08:00:00+00:00,0.46153846153846156,0.61,0.62,0.62,213.36,0.010000000000000009,0.615,1,KXHIGHNY-26SEP01
KXHIGHNY-26SEP01-T83,2026-09-01 09:00:00+00:00,0.48717948717948717,0.53,0.54,0.53,1189.94,0.010000000000000009,0.535,1,KXHIGHNY-26SEP01
KXHIGHNY-26SEP01-T83,2026-09-01 10:00:00+00:00,0.5128205128205128,0.5,0.51,0.47,510.76,0.010000000000000009,0.505,1,KXHIGHNY-26SEP01
KXHIGHNY-26SEP01-T83,2026-09-01 11:00:00+00:00,0.5384615384615384,0.49,0.51,0.49,982.69,0.020000000000000018,0.5,1,KXHIGHNY-26SEP01
KXHIGHNY-26SEP01-T83,2026-09-01 12:00:00+00:00,0.5641025641025641,0.51,0.53,0.51,539.44,0.020000000000000018,0.52,1,KXHIGHNY-26SEP01
KXHIGHNY-26SEP01-T83,2026-09-01 13:00:00+00:00,0.5897435897435898,0.62,0.64,0.64,2681.78,0.020000000000000018,0.63,1,KXHIGHNY-26SEP01
KXHIGHNY-26SEP01-T83,2026-09-01 14:00:00+00:00,0.6153846153846154,0.66,0.68,0.69,1679.03,0.020000000000000018,0.67,1,KXHIGHNY-26SEP01
KXHIGHNY-26SEP01-T83,2026-09-01 15:00:00+00:00,0.6410256410256411,0.9,0.91,0.9,3700.1,0.010000000000000009,0.905,1,KXHIGHNY-26SEP01
KXHIGHNY-26SEP01-T83,2026-09-01 16:00:00+00:00,0.6666666666666666,0.92,0.93,0.93,3210.43,0.010000000000000009,0.925,1,KXHIGHNY-26SEP01
KXHIGHNY-26SEP01-T83,2026-09-01 17:00:00+00:00,0.6923076923076923,0.9,0.91,0.91,5033.69,0.010000000000000009,0.905,1,KXHIGHNY-26SEP01
KXHIGHNY-26SEP01-T83,2026-09-01 18:00:00+00:00,0.717948717948718,0.69,0.76,0.76,3710.61,0.07000000000000006,0.725,1,KXHIGHNY-26SEP01
KXHIGHNY-26SEP01-T83,2026-09-01 19:00:00+00:00,0.7435897435897436,0.91,0.92,0.91,4722.4,0.010000000000000009,0.915,1,KXHIGHNY-26SEP01
KXHIGHNY-26SEP01-T83,2026-09-01 20:00:00+00:00,0.7692307692307693,0.9,0.93,0.89,5879.8,0.030000000000000027,0.915,1,KXHIGHNY-26SEP01
KXHIGHNY-26SEP01-T83,2026-09-01 21:00:00+00:00,0.7948717948717948,0.94,0.95,0.94,5759.48,0.010000000000000009,0.945,1,KXHIGHNY-26SEP01
KXHIGHNY-26SEP01-T83,2026-09-01 22:00:00+00:00,0.8205128205128205,0.99,1.0,0.99,8195.34,0.010000000000000009,0.995,1,KXHIGHNY-26SEP01
KXHIGHNY-26SEP01-T83,2026-09-01 23:00:00+00:00,0.8461538461538461,0.99,1.0,0.99,820.65,0.010000000000000009,0.995,1,KXHIGHNY-26SEP01
KXHIGHNY-26SEP01-T83,2026-09-02 00:00:00+00:00,0.8717948717948718,0.99,1.0,0.99,1001.55,0.010000000000000009,0.995,1,KXHIGHNY-26SEP01
KXHIGHNY-26SEP01-T83,2026-09-02 01:00:00+00:00,0.8974358974358975,0.99,1.0,0.99,33.41,0.010000000000000009,0.995,1,KXHIGHNY-26SEP01
KXHIGHNY-26SEP01-T83,2026-09-02 02:00:00+00:00,0.9230769230769231,0.99,1.0,0.99,249.07,0.010000000000000009,0.995,1,KXHIGHNY-26SEP01
KXHIGHNY-26SEP01-T83,2026-09-02 03:00:00+00:00,0.9487179487179487,0.99,1.0,0.99,1.08,0.010000000000000009,0.995,1,KXHIGHNY-26SEP01
KXHIGHNY-26SEP01-T83,2026-09-02 04:00:00+00:00,0.9743589743589743,0.99,1.0,0.99,276.57,0.010000000000000009,0.995,1,KXHIGHNY-26SEP01
KXHIGHNY-26SEP01-T83,2026-09-02 05:00:00+00:00,1.0,0.99,1.0,0.99,95.11,0.010000000000000009,0.995,1,KXHIGHNY-26SEP01
KXHIGHNY-26AUG31-T78,2026-08-30 15:00:00+00:00,0.02564102564102564,0.28,0.3,0.32,993.7,0.019999999999999962,0.29000000000000004,0,KXHIGHNY-26AUG31
KXHIGHNY-26AUG31-T78,2026-08-30 16:00:00+00:00,0.05128205128205128,0.29,0.3,0.29,79.0,0.010000000000000009,0.295,0,KXHIGHNY-26AUG31
KXHIGHNY-26AUG31-T78,2026-08-30 17:00:00+00:00,0.07692307692307693,0.28,0.31,0.3,212.12,0.02999999999999997,0.29500000000000004,0,KXHIGHNY-26AUG31
KXHIGHNY-26AUG31-T78,2026-08-30 18:00:00+00:00,0.10256410256410256,0.29,0.32,0.29,115.99,0.030000000000000027,0.305,0,KXHIGHNY-26AUG31
KXHIGHNY-26AUG31-T78,2026-08-30 19:00:00+00:00,0.1282051282051282,0.32,0.34,0.3,31.0,0.020000000000000018,0.33,0,KXHIGHNY-26AUG31
KXHIGHNY-26AUG31-T78,2026-08-30 20:00:00+00:00,0.15384615384615385,0.29,0.32,0.27,64.62,0.030000000000000027,0.305,0,KXHIGHNY-26AUG31
KXHIGHNY-26AUG31-T78,2026-08-30 21:00:00+00:00,0.1794871794871795,0.34,0.36,0.37,610.0,0.019999999999999962,0.35,0,KXHIGHNY-26AUG31
KXHIGHNY-26AUG31-T78,2026-08-30 22:00:00+00:00,0.20512820512820512,0.42,0.43,0.43,316.85,0.010000000000000009,0.425,0,KXHIGHNY-26AUG31
KXHIGHNY-26AUG31-T78,2026-08-30 23:00:00+00:00,0.23076923076923078,0.43,0.45,0.45,323.08,0.020000000000000018,0.44,0,KXHIGHNY-26AUG31
KXHIGHNY-26AUG31-T78,2026-08-31 00:00:00+00:00,0.2564102564102564,0.4,0.41,0.41,133.0,0.009999999999999953,0.405,0,KXHIGHNY-26AUG31
KXHIGHNY-26AUG31-T78,2026-08-31 01:00:00+00:00,0.28205128205128205,0.38,0.39,0.39,144.99,0.010000000000000009,0.385,0,KXHIGHNY-26AUG31
KXHIGHNY-26AUG31-T78,2026-08-31 02:00:00+00:00,0.3076923076923077,0.6,0.62,0.62,3232.63,0.020000000000000018,0.61,0,KXHIGHNY-26AUG31
KXHIGHNY-26AUG31-T78,2026-08-31 03:00:00+00:00,0.3333333333333333,0.56,0.57,0.56,426.77,0.009999999999999898,0.565,0,KXHIGHNY-26AUG31
KXHIGHNY-26AUG31-T78,2026-08-31 04:00:00+00:00,0.358974358974359,0.5,0.52,0.51,259.58,0.020000000000000018,0.51,0,KXHIGHNY-26AUG31
KXHIGHNY-26AUG31-T78,2026-08-31 05:00:00+00:00,0.38461538461538464,0.52,0.55,0.55,929.21,0.030000000000000027,0.535,0,KXHIGHNY-26AUG31
KXHIGHNY-26AUG31-T78,2026-08-31 06:00:00+00:00,0.41025641025641024,0.53,0.55,0.53,281.74,0.020000000000000018,0.54,0,KXHIGHNY-26AUG31
KXHIGHNY-26AUG31-T78,2026-08-31 07:00:00+00:00,0.4358974358974359,0.56,0.58,0.56,406.28,0.019999999999999907,0.5700000000000001,0,KXHIGHNY-26AUG31
KXHIGHNY-26AUG31-T78,2026-08-31 08:00:00+00:00,0.46153846153846156,0.59,0.6,0.61,104.3,0.010000000000000009,0.595,0,KXHIGHNY-26AUG31
KXHIGHNY-26AUG31-T78,2026-08-31 09:00:00+00:00,0.48717948717948717,0.53,0.54,0.53,247.91,0.010000000000000009,0.535,0,KXHIGHNY-26AUG31
KXHIGHNY-26AUG31-T78,2026-08-31 10:00:00+00:00,0.5128205128205128,0.53,0.55,0.53,206.21,0.020000000000000018,0.54,0,KXHIGHNY-26AUG31
KXHIGHNY-26AUG31-T78,2026-08-31 11:00:00+00:00,0.5384615384615384,0.51,0.53,0.54,522.88,0.020000000000000018,0.52,0,KXHIGHNY-26AUG31
KXHIGHNY-26AUG31-T78,2026-08-31 12:00:00+00:00,0.5641025641025641,0.57,0.58,0.58,813.33,0.010000000000000009,0.575,0,KXHIGHNY-26AUG31
KXHIGHNY-26AUG31-T78,2026-08-31 13:00:00+00:00,0.5897435897435898,0.64,0.66,0.66,1047.18,0.020000000000000018,0.65,0,KXHIGHNY-26AUG31
KXHIGHNY-26AUG31-T78,2026-08-31 14:00:00+00:00,0.6153846153846154,0.52,0.54,0.51,2303.87,0.020000000000000018,0.53,0,KXHIGHNY-26AUG31
KXHIGHNY-26AUG31-T78,2026-08-31 15:00:00+00:00,0.6410256410256411,0.46,0.48,0.48,985.99,0.019999999999999962,0.47,0,KXHIGHNY-26AUG31
KXHIGHNY-26AUG31-T78,2026-08-31 16:00:00+00:00,0.6666666666666666,0.4,0.43,0.41,2680.56,0.02999999999999997,0.41500000000000004,0,KXHIGHNY-26AUG31
KXHIGHNY-26AUG31-T78,2026-08-31 17:00:00+00:00,0.6923076923076923,0.0,0.01,0.01,6021.2,0.01,0.005,0,KXHIGHNY-26AUG31
KXHIGHNY-26AUG31-T78,2026-08-31 18:00:00+00:00,0.717948717948718,0.0,0.01,0.01,2783.32,0.01,0.005,0,KXHIGHNY-26AUG31
KXHIGHNY-26AUG31-T78,2026-08-31 19:00:00+00:00,0.7435897435897436,0.0,0.01,,0.0,0.01,0.005,0,KXHIGHNY-26AUG31
KXHIGHNY-26AUG31-T78,2026-08-31 20:00:00+00:00,0.7692307692307693,0.0,0.01,0.01,290.59,0.01,0.005,0,KXHIGHNY-26AUG31
KXHIGHNY-26AUG31-T78,2026-08-31 21:00:00+00:00,0.7948717948717948,0.0,0.01,0.01,4.71,0.01,0.005,0,KXHIGHNY-26AUG31
KXHIGHNY-26AUG31-T78,2026-08-31 22:00:00+00:00,0.8205128205128205,0.0,0.01,0.01,131.41,0.01,0.005,0,KXHIGHNY-26AUG31
KXHIGHNY-26AUG31-T78,2026-08-31 23:00:00+00:00,0.8461538461538461,0.0,0.01,0.01,374.06,0.01,0.005,0,KXHIGHNY-26AUG31
KXHIGHNY-26AUG31-T78,2026-09-01 00:00:00+00:00,0.8717948717948718,0.0,0.01,,0.0,0.01,0.005,0,KXHIGHNY-26AUG31
KXHIGHNY-26AUG31-T78,2026-09-01 01:00:00+00:00,0.8974358974358975,0.0,0.01,0.01,1.7,0.01,0.005,0,KXHIGHNY-26AUG31
KXHIGHNY-26AUG31-T78,2026-09-01 02:00:00+00:00,0.9230769230769231,0.0,0.01,0.01,70.57,0.01,0.005,0,KXHIGHNY-26AUG31
KXHIGHNY-26AUG31-T78,2026-09-01 03:00:00+00:00,0.9487179487179487,0.0,0.01,0.01,8.0,0.01,0.005,0,KXHIGHNY-26AUG31
KXHIGHNY-26AUG31-T78,2026-09-01 04:00:00+00:00,0.9743589743589743,0.0,0.01,,0.0,0.01,0.005,0,KXHIGHNY-26AUG31
KXHIGHNY-26AUG31-T78,2026-09-01 05:00:00+00:00,1.0,0.0,0.01,0.01,93.51,0.01,0.005,0,KXHIGHNY-26AUG31
KXHIGHNY-26AUG30-B82.5,2026-08-29 15:00:00+00:00,0.02564102564102564,0.38,0.39,0.38,35.0,0.010000000000000009,0.385,0,KXHIGHNY-26AUG30
KXHIGHNY-26AUG30-B82.5,2026-08-29 16:00:00+00:00,0.05128205128205128,0.39,0.4,0.4,77.54,0.010000000000000009,0.395,0,KXHIGHNY-26AUG30
KXHIGHNY-26AUG30-B82.5,2026-08-29 17:00:00+00:00,0.07692307692307693,0.4,0.41,0.4,7.0,0.009999999999999953,0.405,0,KXHIGHNY-26AUG30
KXHIGHNY-26AUG30-B82.5,2026-08-29 18:00:00+00:00,0.10256410256410256,0.37,0.41,0.38,103.42,0.03999999999999998,0.39,0,KXHIGHNY-26AUG30
KXHIGHNY-26AUG30-B82.5,2026-08-29 19:00:00+00:00,0.1282051282051282,0.29,0.33,0.33,259.1,0.040000000000000036,0.31,0,KXHIGHNY-26AUG30
KXHIGHNY-26AUG30-B82.5,2026-08-29 20:00:00+00:00,0.15384615384615385,0.3,0.31,0.31,32.0,0.010000000000000009,0.305,0,KXHIGHNY-26AUG30
KXHIGHNY-26AUG30-B82.5,2026-08-29 21:00:00+00:00,0.1794871794871795,0.3,0.31,0.3,30.07,0.010000000000000009,0.305,0,KXHIGHNY-26AUG30
KXHIGHNY-26AUG30-B82.5,2026-08-29 22:00:00+00:00,0.20512820512820512,0.31,0.32,0.31,214.0,0.010000000000000009,0.315,0,KXHIGHNY-26AUG30
KXHIGHNY-26AUG30-B82.5,2026-08-29 23:00:00+00:00,0.23076923076923078,0.31,0.32,0.31,112.83,0.010000000000000009,0.315,0,KXHIGHNY-26AUG30
KXHIGHNY-26AUG30-B82.5,2026-08-30 00:00:00+00:00,0.2564102564102564,0.28,0.29,0.28,83.0,0.009999999999999953,0.28500000000000003,0,KXHIGHNY-26AUG30
KXHIGHNY-26AUG30-B82.5,2026-08-30 01:00:00+00:00,0.28205128205128205,0.26,0.28,0.28,296.21,0.020000000000000018,0.27,0,KXHIGHNY-26AUG30
KXHIGHNY-26AUG30-B82.5,2026-08-30 02:00:00+00:00,0.3076923076923077,0.25,0.26,0.26,44.76,0.010000000000000009,0.255,0,KXHIGHNY-26AUG30
KXHIGHNY-26AUG30-B82.5,2026-08-30 03:00:00+00:00,0.3333333333333333,0.25,0.28,0.29,84.9,0.030000000000000027,0.265,0,KXHIGHNY-26AUG30
KXHIGHNY-26AUG30-B82.5,2026-08-30 04:00:00+00:00,0.358974358974359,0.25,0.28,0.25,104.83,0.030000000000000027,0.265,0,KXHIGHNY-26AUG30
KXHIGHNY-26AUG30-B82.5,2026-08-30 05:00:00+00:00,0.38461538461538464,0.25,0.26,0.25,340.29,0.010000000000000009,0.255,0,KXHIGHNY-26AUG30
KXHIGHNY-26AUG30-B82.5,2026-08-30 06:00:00+00:00,0.41025641025641024,0.3,0.33,0.32,175.24,0.030000000000000027,0.315,0,KXHIGHNY-26AUG30
KXHIGHNY-26AUG30-B82.5,2026-08-30 07:00:00+00:00,0.4358974358974359,0.3,0.31,0.33,125.54,0.010000000000000009,0.305,0,KXHIGHNY-26AUG30
KXHIGHNY-26AUG30-B82.5,2026-08-30 08:00:00+00:00,0.46153846153846156,0.31,0.34,0.33,218.83,0.030000000000000027,0.325,0,KXHIGHNY-26AUG30
KXHIGHNY-26AUG30-B82.5,2026-08-30 09:00:00+00:00,0.48717948717948717,0.3,0.32,0.32,140.69,0.020000000000000018,0.31,0,KXHIGHNY-26AUG30
KXHIGHNY-26AUG30-B82.5,2026-08-30 10:00:00+00:00,0.5128205128205128,0.29,0.31,0.3,114.58,0.020000000000000018,0.3,0,KXHIGHNY-26AUG30
KXHIGHNY-26AUG30-B82.5,2026-08-30 11:00:00+00:00,0.5384615384615384,0.28,0.3,0.3,81.65,0.019999999999999962,0.29000000000000004,0,KXHIGHNY-26AUG30
KXHIGHNY-26AUG30-B82.5,2026-08-30 12:00:00+00:00,0.5641025641025641,0.21,0.22,0.22,752.76,0.010000000000000009,0.215,0,KXHIGHNY-26AUG30
KXHIGHNY-26AUG30-B82.5,2026-08-30 13:00:00+00:00,0.5897435897435898,0.12,0.13,0.13,2010.44,0.010000000000000009,0.125,0,KXHIGHNY-26AUG30
KXHIGHNY-26AUG30-B82.5,2026-08-30 14:00:00+00:00,0.6153846153846154,0.13,0.14,0.14,1348.97,0.010000000000000009,0.135,0,KXHIGHNY-26AUG30
KXHIGHNY-26AUG30-B82.5,2026-08-30 15:00:00+00:00,0.6410256410256411,0.08,0.1,0.07,3801.35,0.020000000000000004,0.09,0,KXHIGHNY-26AUG30
KXHIGHNY-26AUG30-B82.5,2026-08-30 16:00:00+00:00,0.6666666666666666,0.08,0.09,0.11,2751.01,0.009999999999999995,0.08499999999999999,0,KXHIGHNY-26AUG30
KXHIGHNY-26AUG30-B82.5,2026-08-30 17:00:00+00:00,0.6923076923076923,0.08,0.11,0.08,1166.39,0.03,0.095,0,KXHIGHNY-26AUG30
KXHIGHNY-26AUG30-B82.5,2026-08-30 18:00:00+00:00,0.717948717948718,0.05,0.08,0.07,2369.66,0.03,0.065,0,KXHIGHNY-26AUG30
KXHIGHNY-26AUG30-B82.5,2026-08-30 19:00:00+00:00,0.7435897435897436,0.04,0.06,0.06,2137.66,0.019999999999999997,0.05,0,KXHIGHNY-26AUG30
KXHIGHNY-26AUG30-B82.5,2026-08-30 20:00:00+00:00,0.7692307692307693,0.05,0.08,0.09,2513.18,0.03,0.065,0,KXHIGHNY-26AUG30
KXHIGHNY-26AUG30-B82.5,2026-08-30 21:00:00+00:00,0.7948717948717948,0.0,0.01,0.01,3208.2,0.01,0.005,0,KXHIGHNY-26AUG30
KXHIGHNY-26AUG30-B82.5,2026-08-30 22:00:00+00:00,0.8205128205128205,0.0,0.01,0.01,1213.0,0.01,0.005,0,KXHIGHNY-26AUG30
KXHIGHNY-26AUG30-B82.5,2026-08-31 00:00:00+00:00,0.8717948717948718,0.0,0.01,0.01,2992.61,0.01,0.005,0,KXHIGHNY-26AUG30
KXHIGHNY-26AUG30-B82.5,2026-08-31 01:00:00+00:00,0.8974358974358975,0.0,0.01,0.01,72.33,0.01,0.005,0,KXHIGHNY-26AUG30
KXHIGHNY-26AUG30-B82.5,2026-08-31 02:00:00+00:00,0.9230769230769231,0.0,0.01,0.01,898.53,0.01,0.005,0,KXHIGHNY-26AUG30
KXHIGHNY-26AUG30-B82.5,2026-08-31 03:00:00+00:00,0.9487179487179487,0.0,0.01,0.01,260.27,0.01,0.005,0,KXHIGHNY-26AUG30
KXHIGHNY-26AUG30-B82.5,2026-08-31 04:00:00+00:00,0.9743589743589743,0.0,0.01,0.01,496.39,0.01,0.005,0,KXHIGHNY-26AUG30
KXHIGHNY-26AUG30-B82.5,2026-08-31 05:00:00+00:00,1.0,0.0,0.01,0.01,374.07,0.01,0.005,0,KXHIGHNY-26AUG30
KXHIGHNY-26AUG29-T79,2026-08-28 15:00:00+00:00,0.02564102564102564,0.45,0.46,0.45,306.5,0.010000000000000009,0.455,1,KXHIGHNY-26AUG29
KXHIGHNY-26AUG29-T79,2026-08-28 16:00:00+00:00,0.05128205128205128,0.5,0.52,0.54,162.21,0.020000000000000018,0.51,1,KXHIGHNY-26AUG29
KXHIGHNY-26AUG29-T79,2026-08-28 17:00:00+00:00,0.07692307692307693,0.6,0.61,0.59,686.96,0.010000000000000009,0.605,1,KXHIGHNY-26AUG29
KXHIGHNY-26AUG29-T79,2026-08-28 18:00:00+00:00,0.10256410256410256,0.57,0.59,0.59,78.06,0.020000000000000018,0.58,1,KXHIGHNY-26AUG29
KXHIGHNY-26AUG29-T79,2026-08-28 19:00:00+00:00,0.1282051282051282,0.59,0.61,0.59,130.24,0.020000000000000018,0.6,1,KXHIGHNY-26AUG29
KXHIGHNY-26AUG29-T79,2026-08-28 20:00:00+00:00,0.15384615384615385,0.58,0.59,0.59,232.82,0.010000000000000009,0.585,1,KXHIGHNY-26AUG29
KXHIGHNY-26AUG29-T79,2026-08-28 21:00:00+00:00,0.1794871794871795,0.54,0.57,0.58,828.85,0.029999999999999916,0.5549999999999999,1,KXHIGHNY-26AUG29
KXHIGHNY-26AUG29-T79,2026-08-28 22:00:00+00:00,0.20512820512820512,0.54,0.58,0.57,141.47,0.039999999999999925,0.56,1,KXHIGHNY-26AUG29
KXHIGHNY-26AUG29-T79,2026-08-28 23:00:00+00:00,0.23076923076923078,0.51,0.54,0.55,169.81,0.030000000000000027,0.525,1,KXHIGHNY-26AUG29
KXHIGHNY-26AUG29-T79,2026-08-29 00:00:00+00:00,0.2564102564102564,0.58,0.59,0.58,334.12,0.010000000000000009,0.585,1,KXHIGHNY-26AUG29
KXHIGHNY-26AUG29-T79,2026-08-29 01:00:00+00:00,0.28205128205128205,0.57,0.59,0.58,190.0,0.020000000000000018,0.58,1,KXHIGHNY-26AUG29
KXHIGHNY-26AUG29-T79,2026-08-29 02:00:00+00:00,0.3076923076923077,0.53,0.54,0.54,118.72,0.010000000000000009,0.535,1,KXHIGHNY-26AUG29
KXHIGHNY-26AUG29-T79,2026-08-29 03:00:00+00:00,0.3333333333333333,0.52,0.53,0.54,136.63,0.010000000000000009,0.525,1,KXHIGHNY-26AUG29
KXHIGHNY-26AUG29-T79,2026-08-29 04:00:00+00:00,0.358974358974359,0.49,0.52,0.52,229.43,0.030000000000000027,0.505,1,KXHIGHNY-26AUG29
KXHIGHNY-26AUG29-T79,2026-08-29 05:00:00+00:00,0.38461538461538464,0.5,0.52,0.5,575.41,0.020000000000000018,0.51,1,KXHIGHNY-26AUG29
KXHIGHNY-26AUG29-T79,2026-08-29 06:00:00+00:00,0.41025641025641024,0.58,0.6,0.58,672.41,0.020000000000000018,0.59,1,KXHIGHNY-26AUG29
KXHIGHNY-26AUG29-T79,2026-08-29 07:00:00+00:00,0.4358974358974359,0.56,0.57,0.59,10.1,0.009999999999999898,0.565,1,KXHIGHNY-26AUG29
KXHIGHNY-26AUG29-T79,2026-08-29 08:00:00+00:00,0.46153846153846156,0.57,0.59,0.57,128.31,0.020000000000000018,0.58,1,KXHIGHNY-26AUG29
KXHIGHNY-26AUG29-T79,2026-08-29 09:00:00+00:00,0.48717948717948717,0.53,0.55,0.55,391.13,0.020000000000000018,0.54,1,KXHIGHNY-26AUG29
KXHIGHNY-26AUG29-T79,2026-08-29 10:00:00+00:00,0.5128205128205128,0.51,0.53,0.52,121.9,0.020000000000000018,0.52,1,KXHIGHNY-26AUG29
KXHIGHNY-26AUG29-T79,2026-08-29 11:00:00+00:00,0.5384615384615384,0.52,0.53,0.54,226.07,0.010000000000000009,0.525,1,KXHIGHNY-26AUG29
KXHIGHNY-26AUG29-T79,2026-08-29 12:00:00+00:00,0.5641025641025641,0.56,0.58,0.57,1243.08,0.019999999999999907,0.5700000000000001,1,KXHIGHNY-26AUG29
KXHIGHNY-26AUG29-T79,2026-08-29 13:00:00+00:00,0.5897435897435898,0.66,0.67,0.66,1804.56,0.010000000000000009,0.665,1,KXHIGHNY-26AUG29
KXHIGHNY-26AUG29-T79,2026-08-29 14:00:00+00:00,0.6153846153846154,0.61,0.63,0.65,768.45,0.020000000000000018,0.62,1,KXHIGHNY-26AUG29
KXHIGHNY-26AUG29-T79,2026-08-29 15:00:00+00:00,0.6410256410256411,0.58,0.6,0.6,1175.27,0.020000000000000018,0.59,1,KXHIGHNY-26AUG29
KXHIGHNY-26AUG29-T79,2026-08-29 16:00:00+00:00,0.6666666666666666,0.74,0.76,0.76,2455.31,0.020000000000000018,0.75,1,KXHIGHNY-26AUG29
KXHIGHNY-26AUG29-T79,2026-08-29 17:00:00+00:00,0.6923076923076923,0.86,0.87,0.87,2216.29,0.010000000000000009,0.865,1,KXHIGHNY-26AUG29
KXHIGHNY-26AUG29-T79,2026-08-29 18:00:00+00:00,0.717948717948718,0.58,0.69,0.67,1311.88,0.10999999999999999,0.635,1,KXHIGHNY-26AUG29
KXHIGHNY-26AUG29-T79,2026-08-29 19:00:00+00:00,0.7435897435897436,0.79,0.84,0.79,3593.88,0.04999999999999993,0.815,1,KXHIGHNY-26AUG29
KXHIGHNY-26AUG29-T79,2026-08-29 20:00:00+00:00,0.7692307692307693,0.9,0.92,0.92,5517.7,0.020000000000000018,0.91,1,KXHIGHNY-26AUG29
KXHIGHNY-26AUG29-T79,2026-08-29 21:00:00+00:00,0.7948717948717948,0.96,0.98,0.97,4855.67,0.020000000000000018,0.97,1,KXHIGHNY-26AUG29
KXHIGHNY-26AUG29-T79,2026-08-29 22:00:00+00:00,0.8205128205128205,0.97,0.99,0.98,2033.77,0.020000000000000018,0.98,1,KXHIGHNY-26AUG29
KXHIGHNY-26AUG29-T79,2026-08-29 23:00:00+00:00,0.8461538461538461,0.97,0.99,0.99,433.9,0.020000000000000018,0.98,1,KXHIGHNY-26AUG29
KXHIGHNY-26AUG29-T79,2026-08-30 00:00:00+00:00,0.8717948717948718,0.99,1.0,0.99,2438.91,0.010000000000000009,0.995,1,KXHIGHNY-26AUG29
KXHIGHNY-26AUG29-T79,2026-08-30 01:00:00+00:00,0.8974358974358975,0.99,1.0,0.99,161.03,0.010000000000000009,0.995,1,KXHIGHNY-26AUG29
KXHIGHNY-26AUG29-T79,2026-08-30 02:00:00+00:00,0.9230769230769231,0.99,1.0,0.99,150.6,0.010000000000000009,0.995,1,KXHIGHNY-26AUG29
KXHIGHNY-26AUG29-T79,2026-08-30 03:00:00+00:00,0.9487179487179487,0.99,1.0,0.99,492.61,0.010000000000000009,0.995,1,KXHIGHNY-26AUG29
KXHIGHNY-26AUG29-T79,2026-08-30 04:00:00+00:00,0.9743589743589743,0.99,1.0,0.99,414.74,0.010000000000000009,0.995,1,KXHIGHNY-26AUG29
KXHIGHNY-26AUG29-T79,2026-08-30 05:00:00+00:00,1.0,0.99,1.0,0.99,4.0,0.010000000000000009,0.995,1,KXHIGHNY-26AUG29
KXHIGHNY-26AUG28-B80.5,2026-08-27 15:00:00+00:00,0.02564102564102564,0.33,0.34,0.34,335.92,0.010000000000000009,0.335,0,KXHIGHNY-26AUG28
KXHIGHNY-26AUG28-B80.5,2026-08-27 16:00:00+00:00,0.05128205128205128,0.38,0.39,0.38,381.0,0.010000000000000009,0.385,0,KXHIGHNY-26AUG28
KXHIGHNY-26AUG28-B80.5,2026-08-27 17:00:00+00:00,0.07692307692307693,0.37,0.38,0.38,104.0,0.010000000000000009,0.375,0,KXHIGHNY-26AUG28
KXHIGHNY-26AUG28-B80.5,2026-08-27 18:00:00+00:00,0.10256410256410256,0.45,0.47,0.49,1231.69,0.019999999999999962,0.45999999999999996,0,KXHIGHNY-26AUG28
KXHIGHNY-26AUG28-B80.5,2026-08-27 19:00:00+00:00,0.1282051282051282,0.43,0.44,0.43,19.0,0.010000000000000009,0.435,0,KXHIGHNY-26AUG28
KXHIGHNY-26AUG28-B80.5,2026-08-27 20:00:00+00:00,0.15384615384615385,0.42,0.44,0.44,46.73,0.020000000000000018,0.43,0,KXHIGHNY-26AUG28
KXHIGHNY-26AUG28-B80.5,2026-08-27 21:00:00+00:00,0.1794871794871795,0.42,0.45,0.43,21.0,0.030000000000000027,0.435,0,KXHIGHNY-26AUG28
KXHIGHNY-26AUG28-B80.5,2026-08-27 22:00:00+00:00,0.20512820512820512,0.41,0.42,0.41,78.0,0.010000000000000009,0.415,0,KXHIGHNY-26AUG28
KXHIGHNY-26AUG28-B80.5,2026-08-27 23:00:00+00:00,0.23076923076923078,0.44,0.46,0.48,314.5,0.020000000000000018,0.45,0,KXHIGHNY-26AUG28
KXHIGHNY-26AUG28-B80.5,2026-08-28 00:00:00+00:00,0.2564102564102564,0.44,0.45,0.45,5.73,0.010000000000000009,0.445,0,KXHIGHNY-26AUG28
KXHIGHNY-26AUG28-B80.5,2026-08-28 01:00:00+00:00,0.28205128205128205,0.44,0.45,0.45,158.58,0.010000000000000009,0.445,0,KXHIGHNY-26AUG28
KXHIGHNY-26AUG28-B80.5,2026-08-28 02:00:00+00:00,0.3076923076923077,0.39,0.4,0.4,210.46,0.010000000000000009,0.395,0,KXHIGHNY-26AUG28
KXHIGHNY-26AUG28-B80.5,2026-08-28 03:00:00+00:00,0.3333333333333333,0.39,0.4,0.39,179.44,0.010000000000000009,0.395,0,KXHIGHNY-26AUG28
KXHIGHNY-26AUG28-B80.5,2026-08-28 04:00:00+00:00,0.358974358974359,0.39,0.4,0.4,141.4,0.010000000000000009,0.395,0,KXHIGHNY-26AUG28
KXHIGHNY-26AUG28-B80.5,2026-08-28 05:00:00+00:00,0.38461538461538464,0.36,0.37,0.37,28.07,0.010000000000000009,0.365,0,KXHIGHNY-26AUG28
KXHIGHNY-26AUG28-B80.5,2026-08-28 06:00:00+00:00,0.41025641025641024,0.36,0.38,0.36,58.62,0.020000000000000018,0.37,0,KXHIGHNY-26AUG28
KXHIGHNY-26AUG28-B80.5,2026-08-28 07:00:00+00:00,0.4358974358974359,0.42,0.44,0.44,330.3,0.020000000000000018,0.43,0,KXHIGHNY-26AUG28
KXHIGHNY-26AUG28-B80.5,2026-08-28 08:00:00+00:00,0.46153846153846156,0.44,0.47,0.46,225.66,0.02999999999999997,0.45499999999999996,0,KXHIGHNY-26AUG28
KXHIGHNY-26AUG28-B80.5,2026-08-28 09:00:00+00:00,0.48717948717948717,0.48,0.49,0.48,186.75,0.010000000000000009,0.485,0,KXHIGHNY-26AUG28
KXHIGHNY-26AUG28-B80.5,2026-08-28 10:00:00+00:00,0.5128205128205128,0.48,0.51,0.5,67.15,0.030000000000000027,0.495,0,KXHIGHNY-26AUG28
KXHIGHNY-26AUG28-B80.5,2026-08-28 11:00:00+00:00,0.5384615384615384,0.5,0.51,0.5,295.32,0.010000000000000009,0.505,0,KXHIGHNY-26AUG28
KXHIGHNY-26AUG28-B80.5,2026-08-28 12:00:00+00:00,0.5641025641025641,0.52,0.53,0.53,660.06,0.010000000000000009,0.525,0,KXHIGHNY-26AUG28
KXHIGHNY-26AUG28-B80.5,2026-08-28 13:00:00+00:00,0.5897435897435898,0.5,0.51,0.51,2255.36,0.010000000000000009,0.505,0,KXHIGHNY-26AUG28
KXHIGHNY-26AUG28-B80.5,2026-08-28 14:00:00+00:00,0.6153846153846154,0.43,0.45,0.45,1995.54,0.020000000000000018,0.44,0,KXHIGHNY-26AUG28
KXHIGHNY-26AUG28-B80.5,2026-08-28 15:00:00+00:00,0.6410256410256411,0.51,0.54,0.54,2528.8,0.030000000000000027,0.525,0,KXHIGHNY-26AUG28
KXHIGHNY-26AUG28-B80.5,2026-08-28 16:00:00+00:00,0.6666666666666666,0.49,0.51,0.49,2373.36,0.020000000000000018,0.5,0,KXHIGHNY-26AUG28
KXHIGHNY-26AUG28-B80.5,2026-08-28 17:00:00+00:00,0.6923076923076923,0.39,0.4,0.4,1768.79,0.010000000000000009,0.395,0,KXHIGHNY-26AUG28
KXHIGHNY-26AUG28-B80.5,2026-08-28 18:00:00+00:00,0.717948717948718,0.0,0.01,0.01,6047.65,0.01,0.005,0,KXHIGHNY-26AUG28
KXHIGHNY-26AUG28-B80.5,2026-08-28 19:00:00+00:00,0.7435897435897436,0.0,0.01,0.01,1207.06,0.01,0.005,0,KXHIGHNY-26AUG28
KXHIGHNY-26AUG28-B80.5,2026-08-28 20:00:00+00:00,0.7692307692307693,0.0,0.01,0.01,1974.17,0.01,0.005,0,KXHIGHNY-26AUG28
KXHIGHNY-26AUG28-B80.5,2026-08-28 21:00:00+00:00,0.7948717948717948,0.0,0.01,0.01,45.49,0.01,0.005,0,KXHIGHNY-26AUG28
KXHIGHNY-26AUG28-B80.5,2026-08-28 22:00:00+00:00,0.8205128205128205,0.0,0.01,0.01,100.0,0.01,0.005,0,KXHIGHNY-26AUG28
KXHIGHNY-26AUG28-B80.5,2026-08-28 23:00:00+00:00,0.8461538461538461,0.0,0.01,0.01,187.03,0.01,0.005,0,KXHIGHNY-26AUG28
KXHIGHNY-26AUG28-B80.5,2026-08-29 00:00:00+00:00,0.8717948717948718,0.0,0.01,0.01,1940.57,0.01,0.005,0,KXHIGHNY-26AUG28
KXHIGHNY-26AUG28-B80.5,2026-08-29 01:00:00+00:00,0.8974358974358975,0.0,0.01,0.01,187.03,0.01,0.005,0,KXHIGHNY-26AUG28
KXHIGHNY-26AUG28-B80.5,2026-08-29 02:00:00+00:00,0.9230769230769231,0.0,0.01,0.01,93.0,0.01,0.005,0,KXHIGHNY-26AUG28
KXHIGHNY-26AUG28-B80.5,2026-08-29 03:00:00+00:00,0.9487179487179487,0.0,0.01,0.01,93.0,0.01,0.005,0,KXHIGHNY-26AUG28
KXHIGHNY-26AUG28-B80.5,2026-08-29 04:00:00+00:00,0.9743589743589743,0.0,0.01,0.01,654.03,0.01,0.005,0,KXHIGHNY-26AUG28
KXHIGHNY-26AUG28-B80.5,2026-08-29 05:00:00+00:00,1.0,0.0,0.01,0.01,23.7,0.01,0.005,0,KXHIGHNY-26AUG28
KXHIGHNY-26AUG27-B80.5,2026-08-26 15:00:00+00:00,0.02564102564102564,0.34,0.35,0.35,107.32,0.009999999999999953,0.345,0,KXHIGHNY-26AUG27
KXHIGHNY-26AUG27-B80.5,2026-08-26 16:00:00+00:00,0.05128205128205128,0.37,0.39,0.37,21.0,0.020000000000000018,0.38,0,KXHIGHNY-26AUG27
KXHIGHNY-26AUG27-B80.5,2026-08-26 17:00:00+00:00,0.07692307692307693,0.38,0.39,0.39,31.0,0.010000000000000009,0.385,0,KXHIGHNY-26AUG27
KXHIGHNY-26AUG27-B80.5,2026-08-26 18:00:00+00:00,0.10256410256410256,0.38,0.39,0.39,7.0,0.010000000000000009,0.385,0,KXHIGHNY-26AUG27
KXHIGHNY-26AUG27-B80.5,2026-08-26 19:00:00+00:00,0.1282051282051282,0.36,0.39,0.39,39.75,0.030000000000000027,0.375,0,KXHIGHNY-26AUG27
KXHIGHNY-26AUG27-B80.5,2026-08-26 20:00:00+00:00,0.15384615384615385,0.39,0.41,0.44,236.54,0.019999999999999962,0.4,0,KXHIGHNY-26AUG27
KXHIGHNY-26AUG27-B80.5,2026-08-26 21:00:00+00:00,0.1794871794871795,0.37,0.38,0.38,60.01,0.010000000000000009,0.375,0,KXHIGHNY-26AUG27
KXHIGHNY-26AUG27-B80.5,2026-08-26 22:00:00+00:00,0.20512820512820512,0.3,0.32,0.29,696.75,0.020000000000000018,0.31,0,KXHIGHNY-26AUG27
KXHIGHNY-26AUG27-B80.5,2026-08-26 23:00:00+00:00,0.23076923076923078,0.3,0.34,0.32,41.23,0.040000000000000036,0.32,0,KXHIGHNY-26AUG27
KXHIGHNY-26AUG27-B80.5,2026-08-27 00:00:00+00:00,0.2564102564102564,0.32,0.34,0.32,79.07,0.020000000000000018,0.33,0,KXHIGHNY-26AUG27
KXHIGHNY-26AUG27-B80.5,2026-08-27 01:00:00+00:00,0.28205128205128205,0.38,0.39,0.38,318.62,0.010000000000000009,0.385,0,KXHIGHNY-26AUG27
KXHIGHNY-26AUG27-B80.5,2026-08-27 02:00:00+00:00,0.3076923076923077,0.39,0.4,0.41,148.29,0.010000000000000009,0.395,0,KXHIGHNY-26AUG27
KXHIGHNY-26AUG27-B80.5,2026-08-27 03:00:00+00:00,0.3333333333333333,0.42,0.46,0.42,160.47,0.040000000000000036,0.44,0,KXHIGHNY-26AUG27
KXHIGHNY-26AUG27-B80.5,2026-08-27 04:00:00+00:00,0.358974358974359,0.44,0.46,0.46,218.56,0.020000000000000018,0.45,0,KXHIGHNY-26AUG27
KXHIGHNY-26AUG27-B80.5,2026-08-27 05:00:00+00:00,0.38461538461538464,0.44,0.47,0.46,195.01,0.02999999999999997,0.45499999999999996,0,KXHIGHNY-26AUG27
KXHIGHNY-26AUG27-B80.5,2026-08-27 06:00:00+00:00,0.41025641025641024,0.43,0.46,0.45,111.81,0.030000000000000027,0.445,0,KXHIGHNY-26AUG27
KXHIGHNY-26AUG27-B80.5,2026-08-27 07:00:00+00:00,0.4358974358974359,0.46,0.47,0.47,369.79,0.009999999999999953,0.46499999999999997,0,KXHIGHNY-26AUG27
KXHIGHNY-26AUG27-B80.5,2026-08-27 08:00:00+00:00,0.46153846153846156,0.46,0.5,,0.0,0.03999999999999998,0.48,0,KXHIGHNY-26AUG27
KXHIGHNY-26AUG27-B80.5,2026-08-27 09:00:00+00:00,0.48717948717948717,0.46,0.5,,0.0,0.03999999999999998,0.48,0,KXHIGHNY-26AUG27
KXHIGHNY-26AUG27-B80.5,2026-08-27 10:00:00+00:00,0.5128205128205128,0.55,0.56,0.55,598.01,0.010000000000000009,0.555,0,KXHIGHNY-26AUG27
KXHIGHNY-26AUG27-B80.5,2026-08-27 11:00:00+00:00,0.5384615384615384,0.55,0.56,0.55,381.49,0.010000000000000009,0.555,0,KXHIGHNY-26AUG27
KXHIGHNY-26AUG27-B80.5,2026-08-27 12:00:00+00:00,0.5641025641025641,0.49,0.51,0.49,927.89,0.020000000000000018,0.5,0,KXHIGHNY-26AUG27
KXHIGHNY-26AUG27-B80.5,2026-08-27 13:00:00+00:00,0.5897435897435898,0.36,0.38,0.38,1748.35,0.020000000000000018,0.37,0,KXHIGHNY-26AUG27
KXHIGHNY-26AUG27-B80.5,2026-08-27 14:00:00+00:00,0.6153846153846154,0.35,0.38,0.39,1824.81,0.030000000000000027,0.365,0,KXHIGHNY-26AUG27
KXHIGHNY-26AUG27-B80.5,2026-08-27 15:00:00+00:00,0.6410256410256411,0.29,0.3,0.29,1369.82,0.010000000000000009,0.295,0,KXHIGHNY-26AUG27
KXHIGHNY-26AUG27-B80.5,2026-08-27 16:00:00+00:00,0.6666666666666666,0.26,0.28,0.27,1565.68,0.020000000000000018,0.27,0,KXHIGHNY-26AUG27
KXHIGHNY-26AUG27-B80.5,2026-08-27 17:00:00+00:00,0.6923076923076923,0.09,0.1,0.1,2318.13,0.010000000000000009,0.095,0,KXHIGHNY-26AUG27
KXHIGHNY-26AUG27-B80.5,2026-08-27 18:00:00+00:00,0.717948717948718,0.01,0.04,0.02,1737.97,0.03,0.025,0,KXHIGHNY-26AUG27
KXHIGHNY-26AUG27-B80.5,2026-08-27 19:00:00+00:00,0.7435897435897436,0.0,0.02,0.03,1501.47,0.02,0.01,0,KXHIGHNY-26AUG27
KXHIGHNY-26AUG27-B80.5,2026-08-27 20:00:00+00:00,0.7692307692307693,0.16,0.29,0.28,37275.4,0.12999999999999998,0.22499999999999998,0,KXHIGHNY-26AUG27
KXHIGHNY-26AUG27-B80.5,2026-08-27 21:00:00+00:00,0.7948717948717948,0.2,0.26,0.2,20196.47,0.06,0.23,0,KXHIGHNY-26AUG27
KXHIGHNY-26AUG27-B80.5,2026-08-27 22:00:00+00:00,0.8205128205128205,0.01,0.02,0.02,30003.9,0.01,0.015,0,KXHIGHNY-26AUG27
KXHIGHNY-26AUG27-B80.5,2026-08-27 23:00:00+00:00,0.8461538461538461,0.01,0.03,0.01,14717.45,0.019999999999999997,0.02,0,KXHIGHNY-26AUG27
KXHIGHNY-26AUG27-B80.5,2026-08-28 00:00:00+00:00,0.8717948717948718,0.02,0.04,0.01,3178.52,0.02,0.03,0,KXHIGHNY-26AUG27
KXHIGHNY-26AUG27-B80.5,2026-08-28 01:00:00+00:00,0.8974358974358975,0.02,0.05,0.03,8578.16,0.030000000000000002,0.035,0,KXHIGHNY-26AUG27
KXHIGHNY-26AUG27-B80.5,2026-08-28 02:00:00+00:00,0.9230769230769231,0.05,0.07,0.05,520.47,0.020000000000000004,0.060000000000000005,0,KXHIGHNY-26AUG27
KXHIGHNY-26AUG27-B80.5,2026-08-28 03:00:00+00:00,0.9487179487179487,0.01,0.02,0.05,250.12,0.01,0.015,0,KXHIGHNY-26AUG27
KXHIGHNY-26AUG27-B80.5,2026-08-28 04:00:00+00:00,0.9743589743589743,0.01,0.03,0.03,1614.31,0.019999999999999997,0.02,0,KXHIGHNY-26AUG27
KXHIGHNY-26AUG27-B80.5,2026-08-28 05:00:00+00:00,1.0,0.01,0.03,0.01,1069.55,0.019999999999999997,0.02,0,KXHIGHNY-26AUG27
KXHIGHNY-26AUG26-B80.5,2026-08-25 15:00:00+00:00,0.02564102564102564,0.41,0.42,0.42,46.65,0.010000000000000009,0.415,1,KXHIGHNY-26AUG26
KXHIGHNY-26AUG26-B80.5,2026-08-25 16:00:00+00:00,0.05128205128205128,0.41,0.42,0.41,226.0,0.010000000000000009,0.415,1,KXHIGHNY-26AUG26
KXHIGHNY-26AUG26-B80.5,2026-08-25 17:00:00+00:00,0.07692307692307693,0.41,0.44,0.43,59.98,0.030000000000000027,0.425,1,KXHIGHNY-26AUG26
KXHIGHNY-26AUG26-B80.5,2026-08-25 18:00:00+00:00,0.10256410256410256,0.42,0.43,0.43,20.71,0.010000000000000009,0.425,1,KXHIGHNY-26AUG26
KXHIGHNY-26AUG26-B80.5,2026-08-25 19:00:00+00:00,0.1282051282051282,0.43,0.44,0.44,64.0,0.010000000000000009,0.435,1,KXHIGHNY-26AUG26
KXHIGHNY-26AUG26-B80.5,2026-08-25 20:00:00+00:00,0.15384615384615385,0.48,0.49,0.49,368.61,0.010000000000000009,0.485,1,KXHIGHNY-26AUG26
KXHIGHNY-26AUG26-B80.5,2026-08-25 21:00:00+00:00,0.1794871794871795,0.47,0.48,0.48,56.01,0.010000000000000009,0.475,1,KXHIGHNY-26AUG26
KXHIGHNY-26AUG26-B80.5,2026-08-25 22:00:00+00:00,0.20512820512820512,0.48,0.49,0.48,119.66,0.010000000000000009,0.485,1,KXHIGHNY-26AUG26
KXHIGHNY-26AUG26-B80.5,2026-08-25 23:00:00+00:00,0.23076923076923078,0.49,0.5,0.5,309.64,0.010000000000000009,0.495,1,KXHIGHNY-26AUG26
KXHIGHNY-26AUG26-B80.5,2026-08-26 00:00:00+00:00,0.2564102564102564,0.47,0.48,0.48,390.42,0.010000000000000009,0.475,1,KXHIGHNY-26AUG26
KXHIGHNY-26AUG26-B80.5,2026-08-26 01:00:00+00:00,0.28205128205128205,0.48,0.49,0.48,341.3,0.010000000000000009,0.485,1,KXHIGHNY-26AUG26
KXHIGHNY-26AUG26-B80.5,2026-08-26 02:00:00+00:00,0.3076923076923077,0.47,0.49,0.48,81.1,0.020000000000000018,0.48,1,KXHIGHNY-26AUG26
KXHIGHNY-26AUG26-B80.5,2026-08-26 03:00:00+00:00,0.3333333333333333,0.47,0.48,0.47,15.23,0.010000000000000009,0.475,1,KXHIGHNY-26AUG26
KXHIGHNY-26AUG26-B80.5,2026-08-26 04:00:00+00:00,0.358974358974359,0.47,0.48,0.48,174.1,0.010000000000000009,0.475,1,KXHIGHNY-26AUG26
KXHIGHNY-26AUG26-B80.5,2026-08-26 05:00:00+00:00,0.38461538461538464,0.48,0.49,0.49,180.48,0.010000000000000009,0.485,1,KXHIGHNY-26AUG26
KXHIGHNY-26AUG26-B80.5,2026-08-26 06:00:00+00:00,0.41025641025641024,0.5,0.51,0.51,207.14,0.010000000000000009,0.505,1,KXHIGHNY-26AUG26
KXHIGHNY-26AUG26-B80.5,2026-08-26 07:00:00+00:00,0.4358974358974359,0.5,0.51,0.51,135.3,0.010000000000000009,0.505,1,KXHIGHNY-26AUG26
KXHIGHNY-26AUG26-B80.5,2026-08-26 08:00:00+00:00,0.46153846153846156,0.51,0.52,0.52,223.11,0.010000000000000009,0.515,1,KXHIGHNY-26AUG26
KXHIGHNY-26AUG26-B80.5,2026-08-26 09:00:00+00:00,0.48717948717948717,0.5,0.51,0.51,25.44,0.010000000000000009,0.505,1,KXHIGHNY-26AUG26
KXHIGHNY-26AUG26-B80.5,2026-08-26 10:00:00+00:00,0.5128205128205128,0.51,0.52,0.52,163.96,0.010000000000000009,0.515,1,KXHIGHNY-26AUG26
KXHIGHNY-26AUG26-B80.5,2026-08-26 11:00:00+00:00,0.5384615384615384,0.47,0.48,0.47,272.11,0.010000000000000009,0.475,1,KXHIGHNY-26AUG26
KXHIGHNY-26AUG26-B80.5,2026-08-26 12:00:00+00:00,0.5641025641025641,0.56,0.58,0.58,955.92,0.019999999999999907,0.5700000000000001,1,KXHIGHNY-26AUG26
KXHIGHNY-26AUG26-B80.5,2026-08-26 13:00:00+00:00,0.5897435897435898,0.57,0.59,0.6,2010.77,0.020000000000000018,0.58,1,KXHIGHNY-26AUG26
KXHIGHNY-26AUG26-B80.5,2026-08-26 14:00:00+00:00,0.6153846153846154,0.49,0.5,0.5,3079.33,0.010000000000000009,0.495,1,KXHIGHNY-26AUG26
KXHIGHNY-26AUG26-B80.5,2026-08-26 15:00:00+00:00,0.6410256410256411,0.54,0.55,0.55,1974.9,0.010000000000000009,0.545,1,KXHIGHNY-26AUG26
KXHIGHNY-26AUG26-B80.5,2026-08-26 16:00:00+00:00,0.6666666666666666,0.54,0.56,0.56,3420.07,0.020000000000000018,0.55,1,KXHIGHNY-26AUG26
KXHIGHNY-26AUG26-B80.5,2026-08-26 17:00:00+00:00,0.6923076923076923,0.71,0.73,0.73,4203.24,0.020000000000000018,0.72,1,KXHIGHNY-26AUG26
KXHIGHNY-26AUG26-B80.5,2026-08-26 18:00:00+00:00,0.717948717948718,0.75,0.76,0.76,2647.24,0.010000000000000009,0.755,1,KXHIGHNY-26AUG26
KXHIGHNY-26AUG26-B80.5,2026-08-26 19:00:00+00:00,0.7435897435897436,0.76,0.78,0.77,1656.82,0.020000000000000018,0.77,1,KXHIGHNY-26AUG26
KXHIGHNY-26AUG26-B80.5,2026-08-26 20:00:00+00:00,0.7692307692307693,0.86,0.9,0.9,2319.98,0.040000000000000036,0.88,1,KXHIGHNY-26AUG26
KXHIGHNY-26AUG26-B80.5,2026-08-26 21:00:00+00:00,0.7948717948717948,0.98,0.99,0.98,3134.71,0.010000000000000009,0.985,1,KXHIGHNY-26AUG26
KXHIGHNY-26AUG26-B80.5,2026-08-26 22:00:00+00:00,0.8205128205128205,0.99,1.0,0.99,3786.07,0.010000000000000009,0.995,1,KXHIGHNY-26AUG26
KXHIGHNY-26AUG26-B80.5,2026-08-26 23:00:00+00:00,0.8461538461538461,0.99,1.0,0.99,473.7,0.010000000000000009,0.995,1,KXHIGHNY-26AUG26
KXHIGHNY-26AUG26-B80.5,2026-08-27 00:00:00+00:00,0.8717948717948718,0.99,1.0,0.99,116.21,0.010000000000000009,0.995,1,KXHIGHNY-26AUG26
KXHIGHNY-26AUG26-B80.5,2026-08-27 01:00:00+00:00,0.8974358974358975,0.99,1.0,0.99,190.85,0.010000000000000009,0.995,1,KXHIGHNY-26AUG26
KXHIGHNY-26AUG26-B80.5,2026-08-27 02:00:00+00:00,0.9230769230769231,0.99,1.0,0.99,29.16,0.010000000000000009,0.995,1,KXHIGHNY-26AUG26
KXHIGHNY-26AUG26-B80.5,2026-08-27 03:00:00+00:00,0.9487179487179487,0.99,1.0,0.99,48.81,0.010000000000000009,0.995,1,KXHIGHNY-26AUG26
KXHIGHNY-26AUG26-B80.5,2026-08-27 04:00:00+00:00,0.9743589743589743,0.99,1.0,0.99,80.63,0.010000000000000009,0.995,1,KXHIGHNY-26AUG26
KXHIGHNY-26AUG26-B80.5,2026-08-27 05:00:00+00:00,1.0,0.99,1.0,0.99,94.39,0.010000000000000009,0.995,1,KXHIGHNY-26AUG26
